Run,Assay Type,AvgSpotLen,Bases,BioProject,BioSample,Bytes,cell_line,Center Name,Collection_Date,Consent,DATASTORE filetype,DATASTORE provider,DATASTORE region,Experiment,genotype,geo_loc_name_country,geo_loc_name_country_continent,geo_loc_name,Instrument,Library Name,LibraryLayout,LibrarySelection,LibrarySource,Organism,Platform,ReleaseDate,create_date,version,Sample Name,source_name,SRA Study,tissue
SRR25601541,RNA-Seq,252,3906912744,PRJNA1004209,SAMN36935035,1517242374,HHSteC,MAASTRICHT UNIVERSITY,missing,public,"fastq,run.zq,sra","gs,ncbi,s3","gs.us-east1,ncbi.public,s3.us-east-1",SRX21329313,WT,uncalculated,uncalculated,missing,Illumina HiSeq 2500,GSM7701495,PAIRED,cDNA,TRANSCRIPTOMIC,Homo sapiens,ILLUMINA,2024-03-28T00:00:00Z,2023-08-10T13:46:00Z,1,GSM7701495,Liver,SRP454481,Liver
SRR25601542,RNA-Seq,252,3702476484,PRJNA1004209,SAMN36935036,1420514056,HHSteC,MAASTRICHT UNIVERSITY,missing,public,"fastq,run.zq,sra","gs,ncbi,s3","gs.us-east1,ncbi.public,s3.us-east-1",SRX21329312,WT,uncalculated,uncalculated,missing,Illumina HiSeq 2500,GSM7701494,PAIRED,cDNA,TRANSCRIPTOMIC,Homo sapiens,ILLUMINA,2024-03-28T00:00:00Z,2023-08-10T13:46:00Z,1,GSM7701494,Liver,SRP454481,Liver
SRR25601543,RNA-Seq,252,4161093300,PRJNA1004209,SAMN36935037,1607421117,fHDF/TERT166,MAASTRICHT UNIVERSITY,missing,public,"fastq,run.zq,sra","gs,ncbi,s3","gs.us-east1,ncbi.public,s3.us-east-1",SRX21329311,WT,uncalculated,uncalculated,missing,Illumina HiSeq 2500,GSM7701493,PAIRED,cDNA,TRANSCRIPTOMIC,Homo sapiens,ILLUMINA,2024-03-28T00:00:00Z,2023-08-10T13:46:00Z,1,GSM7701493,Foreskin,SRP454481,Foreskin
SRR25601544,RNA-Seq,252,4719514464,PRJNA1004209,SAMN36935038,1801347776,fHDF/TERT166,MAASTRICHT UNIVERSITY,missing,public,"fastq,run.zq,sra","gs,ncbi,s3","gs.us-east1,ncbi.public,s3.us-east-1",SRX21329310,WT,uncalculated,uncalculated,missing,Illumina HiSeq 2500,GSM7701492,PAIRED,cDNA,TRANSCRIPTOMIC,Homo sapiens,ILLUMINA,2024-03-28T00:00:00Z,2023-08-10T13:46:00Z,1,GSM7701492,Foreskin,SRP454481,Foreskin
SRR25601545,RNA-Seq,252,3697243956,PRJNA1004209,SAMN36935039,1438136076,HSkMC,MAASTRICHT UNIVERSITY,missing,public,"fastq,run.zq,sra","gs,ncbi,s3","gs.us-east1,ncbi.public,s3.us-east-1",SRX21329309,WT,uncalculated,uncalculated,missing,Illumina HiSeq 2500,GSM7701491,PAIRED,cDNA,TRANSCRIPTOMIC,Homo sapiens,ILLUMINA,2024-03-28T00:00:00Z,2023-08-10T13:46:00Z,1,GSM7701491,Muscle,SRP454481,Muscle
SRR25601546,RNA-Seq,252,3655787688,PRJNA1004209,SAMN36935040,1401132649,HSkMC,MAASTRICHT UNIVERSITY,missing,public,"fastq,run.zq,sra","gs,ncbi,s3","gs.us-east1,ncbi.public,s3.us-east-1",SRX21329308,WT,uncalculated,uncalculated,missing,Illumina HiSeq 2500,GSM7701490,PAIRED,cDNA,TRANSCRIPTOMIC,Homo sapiens,ILLUMINA,2024-03-28T00:00:00Z,2023-08-10T13:45:00Z,1,GSM7701490,Muscle,SRP454481,Muscle
SRR25601547,RNA-Seq,252,4413892896,PRJNA1004209,SAMN36935041,1691004933,HAP1,MAASTRICHT UNIVERSITY,missing,public,"fastq,run.zq,sra","gs,ncbi,s3","gs.us-east1,ncbi.public,s3.us-east-1",SRX21329307,WT,uncalculated,uncalculated,missing,Illumina HiSeq 2500,GSM7701489,PAIRED,cDNA,TRANSCRIPTOMIC,Homo sapiens,ILLUMINA,2024-03-28T00:00:00Z,2023-08-10T13:47:00Z,1,GSM7701489,Bone marrow,SRP454481,Bone marrow
SRR25601548,RNA-Seq,252,4618841724,PRJNA1004209,SAMN36935042,1754273202,HAP1,MAASTRICHT UNIVERSITY,missing,public,"fastq,run.zq,sra","gs,ncbi,s3","gs.us-east1,ncbi.public,s3.us-east-1",SRX21329306,WT,uncalculated,uncalculated,missing,Illumina HiSeq 2500,GSM7701488,PAIRED,cDNA,TRANSCRIPTOMIC,Homo sapiens,ILLUMINA,2024-03-28T00:00:00Z,2023-08-10T13:47:00Z,1,GSM7701488,Bone marrow,SRP454481,Bone marrow
SRR25601549,RNA-Seq,252,4125000852,PRJNA1004209,SAMN36935043,1609150630,HBEC3-KT,MAASTRICHT UNIVERSITY,missing,public,"fastq,run.zq,sra","gs,ncbi,s3","gs.us-east1,ncbi.public,s3.us-east-1",SRX21329305,WT,uncalculated,uncalculated,missing,Illumina HiSeq 2500,GSM7701487,PAIRED,cDNA,TRANSCRIPTOMIC,Homo sapiens,ILLUMINA,2024-03-28T00:00:00Z,2023-08-10T13:45:00Z,1,GSM7701487,Bronchus,SRP454481,Bronchus
SRR25601550,RNA-Seq,252,3905865180,PRJNA1004209,SAMN36935044,1497793455,HBEC3-KT,MAASTRICHT UNIVERSITY,missing,public,"fastq,run.zq,sra","gs,ncbi,s3","gs.us-east1,ncbi.public,s3.us-east-1",SRX21329304,WT,uncalculated,uncalculated,missing,Illumina HiSeq 2500,GSM7701486,PAIRED,cDNA,TRANSCRIPTOMIC,Homo sapiens,ILLUMINA,2024-03-28T00:00:00Z,2023-08-10T13:50:00Z,1,GSM7701486,Bronchus,SRP454481,Bronchus
SRR25601551,RNA-Seq,252,3603696768,PRJNA1004209,SAMN36935045,1401896767,ASC diff,MAASTRICHT UNIVERSITY,missing,public,"fastq,run.zq,sra","gs,ncbi,s3","gs.us-east1,ncbi.public,s3.us-east-1",SRX21329303,WT,uncalculated,uncalculated,missing,Illumina HiSeq 2500,GSM7701485,PAIRED,cDNA,TRANSCRIPTOMIC,Homo sapiens,ILLUMINA,2024-03-28T00:00:00Z,2023-08-10T13:46:00Z,1,GSM7701485,Adipose,SRP454481,Adipose
SRR25601552,RNA-Seq,252,3952864188,PRJNA1004209,SAMN36935046,1511578442,ASC diff,MAASTRICHT UNIVERSITY,missing,public,"fastq,run.zq,sra","gs,ncbi,s3","gs.us-east1,ncbi.public,s3.us-east-1",SRX21329302,WT,uncalculated,uncalculated,missing,Illumina HiSeq 2500,GSM7701484,PAIRED,cDNA,TRANSCRIPTOMIC,Homo sapiens,ILLUMINA,2024-03-28T00:00:00Z,2023-08-10T13:47:00Z,1,GSM7701484,Adipose,SRP454481,Adipose
SRR25601553,RNA-Seq,252,4174451568,PRJNA1004209,SAMN36935047,1608764175,hTEC/SVTERT24-B,MAASTRICHT UNIVERSITY,missing,public,"fastq,run.zq,sra","gs,ncbi,s3","gs.us-east1,ncbi.public,s3.us-east-1",SRX21329301,WT,uncalculated,uncalculated,missing,Illumina HiSeq 2500,GSM7701483,PAIRED,cDNA,TRANSCRIPTOMIC,Homo sapiens,ILLUMINA,2024-03-28T00:00:00Z,2023-08-10T13:47:00Z,1,GSM7701483,Thymus,SRP454481,Thymus
SRR25601554,RNA-Seq,252,4590093564,PRJNA1004209,SAMN36935048,1739595759,hTEC/SVTERT24-B,MAASTRICHT UNIVERSITY,missing,public,"run.zq,sra,fastq","gs,ncbi,s3","gs.us-east1,ncbi.public,s3.us-east-1",SRX21329300,WT,uncalculated,uncalculated,missing,Illumina HiSeq 2500,GSM7701482,PAIRED,cDNA,TRANSCRIPTOMIC,Homo sapiens,ILLUMINA,2024-03-28T00:00:00Z,2023-08-10T13:47:00Z,1,GSM7701482,Thymus,SRP454481,Thymus
SRR25601555,RNA-Seq,252,4009116384,PRJNA1004209,SAMN36935049,1540017420,hTERT-HME1,MAASTRICHT UNIVERSITY,missing,public,"fastq,run.zq,sra","gs,ncbi,s3","gs.us-east1,ncbi.public,s3.us-east-1",SRX21329299,WT,uncalculated,uncalculated,missing,Illumina HiSeq 2500,GSM7701481,PAIRED,cDNA,TRANSCRIPTOMIC,Homo sapiens,ILLUMINA,2024-03-28T00:00:00Z,2023-08-10T13:46:00Z,1,GSM7701481,Breast,SRP454481,Breast
SRR25601556,RNA-Seq,252,4404648276,PRJNA1004209,SAMN36935050,1669022144,hTERT-HME1,MAASTRICHT UNIVERSITY,missing,public,"fastq,run.zq,sra","gs,ncbi,s3","gs.us-east1,ncbi.public,s3.us-east-1",SRX21329298,WT,uncalculated,uncalculated,missing,Illumina HiSeq 2500,GSM7701480,PAIRED,cDNA,TRANSCRIPTOMIC,Homo sapiens,ILLUMINA,2024-03-28T00:00:00Z,2023-08-10T13:45:00Z,1,GSM7701480,Breast,SRP454481,Breast
SRR25601557,RNA-Seq,202,962931980,PRJNA1004209,SAMN36935051,407580273,AF22,MAASTRICHT UNIVERSITY,missing,public,"fastq,run.zq,sra","gs,ncbi,s3","gs.us-east1,ncbi.public,s3.us-east-1",SRX21329297,WT,uncalculated,uncalculated,missing,Illumina HiSeq 2500,GSM7701479,PAIRED,cDNA,TRANSCRIPTOMIC,Homo sapiens,ILLUMINA,2024-03-28T00:00:00Z,2023-08-10T13:43:00Z,1,GSM7701479,Skin,SRP454481,Skin
SRR25601559,RNA-Seq,202,909290678,PRJNA1004209,SAMN36935052,385024690,AF22,MAASTRICHT UNIVERSITY,missing,public,"fastq,run.zq,sra","gs,ncbi,s3","gs.us-east1,ncbi.public,s3.us-east-1",SRX21329296,WT,uncalculated,uncalculated,missing,Illumina HiSeq 2500,GSM7701478,PAIRED,cDNA,TRANSCRIPTOMIC,Homo sapiens,ILLUMINA,2024-03-28T00:00:00Z,2023-08-10T13:43:00Z,1,GSM7701478,Skin,SRP454481,Skin
SRR25601561,RNA-Seq,252,5469124752,PRJNA1004209,SAMN36935053,1939873912,HBF/TERT88,MAASTRICHT UNIVERSITY,missing,public,"fastq,run.zq,sra","gs,ncbi,s3","gs.us-east1,ncbi.public,s3.us-east-1",SRX21329295,WT,uncalculated,uncalculated,missing,Illumina HiSeq 2500,GSM7701477,PAIRED,cDNA,TRANSCRIPTOMIC,Homo sapiens,ILLUMINA,2024-03-28T00:00:00Z,2023-08-10T13:44:00Z,1,GSM7701477,Brain,SRP454481,Brain
SRR25601562,RNA-Seq,252,4944513672,PRJNA1004209,SAMN36935054,1769084150,HBF/TERT88,MAASTRICHT UNIVERSITY,missing,public,"fastq,run.zq,sra","gs,ncbi,s3","gs.us-east1,ncbi.public,s3.us-east-1",SRX21329294,WT,uncalculated,uncalculated,missing,Illumina HiSeq 2500,GSM7701476,PAIRED,cDNA,TRANSCRIPTOMIC,Homo sapiens,ILLUMINA,2024-03-28T00:00:00Z,2023-08-10T13:46:00Z,1,GSM7701476,Brain,SRP454481,Brain
SRR25601563,RNA-Seq,252,4887779400,PRJNA1004209,SAMN36935055,1737869859,LHCN-M2,MAASTRICHT UNIVERSITY,missing,public,"fastq,run.zq,sra","gs,ncbi,s3","gs.us-east1,ncbi.public,s3.us-east-1",SRX21329293,WT,uncalculated,uncalculated,missing,Illumina HiSeq 2500,GSM7701475,PAIRED,cDNA,TRANSCRIPTOMIC,Homo sapiens,ILLUMINA,2024-03-28T00:00:00Z,2023-08-10T14:16:00Z,1,GSM7701475,Muscle,SRP454481,Muscle
SRR25601564,RNA-Seq,252,5130150984,PRJNA1004209,SAMN36935056,1849280300,LHCN-M2,MAASTRICHT UNIVERSITY,missing,public,"fastq,run.zq,sra","gs,ncbi,s3","gs.us-east1,ncbi.public,s3.us-east-1",SRX21329292,WT,uncalculated,uncalculated,missing,Illumina HiSeq 2500,GSM7701474,PAIRED,cDNA,TRANSCRIPTOMIC,Homo sapiens,ILLUMINA,2024-03-28T00:00:00Z,2023-08-10T14:19:00Z,1,GSM7701474,Muscle,SRP454481,Muscle
SRR25601565,RNA-Seq,252,5316035004,PRJNA1004209,SAMN36935057,1904998235,hTCEpi,MAASTRICHT UNIVERSITY,missing,public,"fastq,run.zq,sra","gs,ncbi,s3","gs.us-east1,ncbi.public,s3.us-east-1",SRX21329291,WT,uncalculated,uncalculated,missing,Illumina HiSeq 2500,GSM7701473,PAIRED,cDNA,TRANSCRIPTOMIC,Homo sapiens,ILLUMINA,2024-03-28T00:00:00Z,2023-08-10T14:17:00Z,1,GSM7701473,Eye,SRP454481,Eye
SRR25601566,RNA-Seq,252,5351103072,PRJNA1004209,SAMN36935058,1929040226,hTCEpi,MAASTRICHT UNIVERSITY,missing,public,"fastq,run.zq,sra","gs,ncbi,s3","gs.us-east1,ncbi.public,s3.us-east-1",SRX21329290,WT,uncalculated,uncalculated,missing,Illumina HiSeq 2500,GSM7701472,PAIRED,cDNA,TRANSCRIPTOMIC,Homo sapiens,ILLUMINA,2024-03-28T00:00:00Z,2023-08-10T13:52:00Z,1,GSM7701472,Eye,SRP454481,Eye
SRR25601567,RNA-Seq,252,5369340564,PRJNA1004209,SAMN36935059,1933872285,RPTEC/TERT1,MAASTRICHT UNIVERSITY,missing,public,"fastq,run.zq,sra","gs,ncbi,s3","gs.us-east1,ncbi.public,s3.us-east-1",SRX21329289,WT,uncalculated,uncalculated,missing,Illumina HiSeq 2500,GSM7701471,PAIRED,cDNA,TRANSCRIPTOMIC,Homo sapiens,ILLUMINA,2024-03-28T00:00:00Z,2023-08-10T14:18:00Z,1,GSM7701471,Kidney,SRP454481,Kidney
SRR25601568,RNA-Seq,252,5583163824,PRJNA1004209,SAMN36935060,2017441961,HUVEC/TERT2,MAASTRICHT UNIVERSITY,missing,public,"fastq,run.zq,sra","gs,ncbi,s3","gs.us-east1,ncbi.public,s3.us-east-1",SRX21329288,WT,uncalculated,uncalculated,missing,Illumina HiSeq 2500,GSM7701470,PAIRED,cDNA,TRANSCRIPTOMIC,Homo sapiens,ILLUMINA,2024-03-28T00:00:00Z,2023-08-10T13:48:00Z,1,GSM7701470,Umbilical vein,SRP454481,Umbilical vein
SRR25601569,RNA-Seq,252,5204905776,PRJNA1004209,SAMN36935061,1859322512,HUVEC/TERT2,MAASTRICHT UNIVERSITY,missing,public,"fastq,run.zq,sra","gs,ncbi,s3","gs.us-east1,ncbi.public,s3.us-east-1",SRX21329287,WT,uncalculated,uncalculated,missing,Illumina HiSeq 2500,GSM7701469,PAIRED,cDNA,TRANSCRIPTOMIC,Homo sapiens,ILLUMINA,2024-03-28T00:00:00Z,2023-08-10T14:16:00Z,1,GSM7701469,Umbilical vein,SRP454481,Umbilical vein
SRR25601570,RNA-Seq,252,5884950708,PRJNA1004209,SAMN36935062,2086967118,RPTEC/TERT1,MAASTRICHT UNIVERSITY,missing,public,"fastq,run.zq,sra","gs,ncbi,s3","gs.us-east1,ncbi.public,s3.us-east-1",SRX21329286,WT,uncalculated,uncalculated,missing,Illumina HiSeq 2500,GSM7701468,PAIRED,cDNA,TRANSCRIPTOMIC,Homo sapiens,ILLUMINA,2024-03-28T00:00:00Z,2023-08-10T13:45:00Z,1,GSM7701468,Kidney,SRP454481,Kidney
SRR25601571,RNA-Seq,252,5275258380,PRJNA1004209,SAMN36935063,1868383488,ASC52telo,MAASTRICHT UNIVERSITY,missing,public,"fastq,run.zq,sra","gs,ncbi,s3","gs.us-east1,ncbi.public,s3.us-east-1",SRX21329285,WT,uncalculated,uncalculated,missing,Illumina HiSeq 2500,GSM7701467,PAIRED,cDNA,TRANSCRIPTOMIC,Homo sapiens,ILLUMINA,2024-03-28T00:00:00Z,2023-08-10T13:48:00Z,1,GSM7701467,Adipose,SRP454481,Adipose
SRR25601572,RNA-Seq,252,4984829640,PRJNA1004209,SAMN36935064,1793836380,ASC52telo,MAASTRICHT UNIVERSITY,missing,public,"fastq,run.zq,sra","gs,ncbi,s3","gs.us-east1,ncbi.public,s3.us-east-1",SRX21329284,WT,uncalculated,uncalculated,missing,Illumina HiSeq 2500,GSM7701466,PAIRED,cDNA,TRANSCRIPTOMIC,Homo sapiens,ILLUMINA,2024-03-28T00:00:00Z,2023-08-10T13:48:00Z,1,GSM7701466,Adipose,SRP454481,Adipose
SRR25601573,RNA-Seq,252,5577374376,PRJNA1004209,SAMN36935065,1959300050,BJ hTERT+ SV40 Large T+ RasG12V,MAASTRICHT UNIVERSITY,missing,public,"fastq,run.zq,sra","gs,ncbi,s3","gs.us-east1,ncbi.public,s3.us-east-1",SRX21329283,WT,uncalculated,uncalculated,missing,Illumina HiSeq 2500,GSM7701465,PAIRED,cDNA,TRANSCRIPTOMIC,Homo sapiens,ILLUMINA,2024-03-28T00:00:00Z,2023-08-10T13:53:00Z,1,GSM7701465,Foreskin,SRP454481,Foreskin
SRR25601574,RNA-Seq,252,5740809984,PRJNA1004209,SAMN36935066,2053629219,BJ1-hTERT,MAASTRICHT UNIVERSITY,missing,public,"fastq,run.zq,sra","gs,ncbi,s3","gs.us-east1,ncbi.public,s3.us-east-1",SRX21329282,WT,uncalculated,uncalculated,missing,Illumina HiSeq 2500,GSM7701464,PAIRED,cDNA,TRANSCRIPTOMIC,Homo sapiens,ILLUMINA,2024-03-28T00:00:00Z,2023-08-10T13:48:00Z,1,GSM7701464,Foreskin,SRP454481,Foreskin
SRR25601575,RNA-Seq,252,5470458084,PRJNA1004209,SAMN36935067,1944327964,BJ hTERT+ SV40 Large T+,MAASTRICHT UNIVERSITY,missing,public,"fastq,run.zq,sra","gs,ncbi,s3","gs.us-east1,ncbi.public,s3.us-east-1",SRX21329281,WT,uncalculated,uncalculated,missing,Illumina HiSeq 2500,GSM7701463,PAIRED,cDNA,TRANSCRIPTOMIC,Homo sapiens,ILLUMINA,2024-03-28T00:00:00Z,2023-08-10T13:47:00Z,1,GSM7701463,Foreskin,SRP454481,Foreskin
SRR25601576,RNA-Seq,252,5840743608,PRJNA1004209,SAMN36935068,2123780669,BJ hTERT+ SV40 Large T+ RasG12V,MAASTRICHT UNIVERSITY,missing,public,"fastq,run.zq,sra","gs,ncbi,s3","gs.us-east1,ncbi.public,s3.us-east-1",SRX21329280,WT,uncalculated,uncalculated,missing,Illumina HiSeq 2500,GSM7701462,PAIRED,cDNA,TRANSCRIPTOMIC,Homo sapiens,ILLUMINA,2024-03-28T00:00:00Z,2023-08-10T13:55:00Z,1,GSM7701462,Foreskin,SRP454481,Foreskin
SRR25601577,RNA-Seq,252,5923349208,PRJNA1004209,SAMN36935069,2169860214,BJ hTERT+ SV40 Large T+,MAASTRICHT UNIVERSITY,missing,public,"fastq,run.zq,sra","gs,ncbi,s3","gs.us-east1,ncbi.public,s3.us-east-1",SRX21329279,WT,uncalculated,uncalculated,missing,Illumina HiSeq 2500,GSM7701461,PAIRED,cDNA,TRANSCRIPTOMIC,Homo sapiens,ILLUMINA,2024-03-28T00:00:00Z,2023-08-10T13:48:00Z,1,GSM7701461,Foreskin,SRP454481,Foreskin
SRR25601578,RNA-Seq,252,7575721524,PRJNA1004209,SAMN36935070,2755075643,BJ1-hTERT,MAASTRICHT UNIVERSITY,missing,public,"fastq,run.zq,sra","gs,ncbi,s3","gs.us-east1,ncbi.public,s3.us-east-1",SRX21329278,WT,uncalculated,uncalculated,missing,Illumina HiSeq 2500,GSM7701460,PAIRED,cDNA,TRANSCRIPTOMIC,Homo sapiens,ILLUMINA,2024-03-28T00:00:00Z,2023-08-10T13:50:00Z,1,GSM7701460,Foreskin,SRP454481,Foreskin
SRR25601579,RNA-Seq,202,3592995008,PRJNA1004209,SAMN36935071,1749700816,SH-SY5Y,MAASTRICHT UNIVERSITY,missing,public,"fastq,run.zq,sra","gs,ncbi,s3","gs.us-east1,ncbi.public,s3.us-east-1",SRX21329277,WT,uncalculated,uncalculated,missing,Illumina HiSeq 2500,GSM7701459,PAIRED,cDNA,TRANSCRIPTOMIC,Homo sapiens,ILLUMINA,2024-03-28T00:00:00Z,2023-10-13T15:59:00Z,1,GSM7701459,Bone marrow,SRP454481,Bone marrow
SRR25601580,RNA-Seq,202,3297881896,PRJNA1004209,SAMN36935072,1610890814,NB4,MAASTRICHT UNIVERSITY,missing,public,"fastq,run.zq,sra","gs,ncbi,s3","gs.us-east1,ncbi.public,s3.us-east-1",SRX21329276,WT,uncalculated,uncalculated,missing,Illumina HiSeq 2500,GSM7701458,PAIRED,cDNA,TRANSCRIPTOMIC,Homo sapiens,ILLUMINA,2024-03-28T00:00:00Z,2023-08-10T13:46:00Z,1,GSM7701458,Bone marrow,SRP454481,Bone marrow
SRR25601581,RNA-Seq,202,2569622002,PRJNA1004209,SAMN36935073,1257928810,RPMI-8226,MAASTRICHT UNIVERSITY,missing,public,"fastq,run.zq,sra","gs,ncbi,s3","gs.us-east1,ncbi.public,s3.us-east-1",SRX21329275,WT,uncalculated,uncalculated,missing,Illumina HiSeq 2500,GSM7701457,PAIRED,cDNA,TRANSCRIPTOMIC,Homo sapiens,ILLUMINA,2024-03-28T00:00:00Z,2023-08-10T13:45:00Z,1,GSM7701457,Peripheral blood,SRP454481,Peripheral blood
SRR25601582,RNA-Seq,202,4782046596,PRJNA1004209,SAMN36935074,2340977585,BeWo,MAASTRICHT UNIVERSITY,missing,public,"fastq,run.zq,sra","gs,ncbi,s3","gs.us-east1,ncbi.public,s3.us-east-1",SRX21329274,WT,uncalculated,uncalculated,missing,Illumina HiSeq 2500,GSM7701456,PAIRED,cDNA,TRANSCRIPTOMIC,Homo sapiens,ILLUMINA,2024-03-28T00:00:00Z,2023-08-10T13:47:00Z,1,GSM7701456,Brain,SRP454481,Brain
SRR25601583,RNA-Seq,202,7465997770,PRJNA1004209,SAMN36935075,3643829858,SH-SY5Y,MAASTRICHT UNIVERSITY,missing,public,"fastq,run.zq,sra","gs,ncbi,s3","gs.us-east1,ncbi.public,s3.us-east-1",SRX21329273,WT,uncalculated,uncalculated,missing,Illumina HiSeq 2500,GSM7701455,PAIRED,cDNA,TRANSCRIPTOMIC,Homo sapiens,ILLUMINA,2024-03-28T00:00:00Z,2023-10-13T15:56:00Z,1,GSM7701455,Bone marrow,SRP454481,Bone marrow
SRR25601584,RNA-Seq,202,6936733732,PRJNA1004209,SAMN36935076,3377698407,SCLC-21H,MAASTRICHT UNIVERSITY,missing,public,"fastq,run.zq,sra","gs,ncbi,s3","gs.us-east1,ncbi.public,s3.us-east-1",SRX21329272,WT,uncalculated,uncalculated,missing,Illumina HiSeq 2500,GSM7701454,PAIRED,cDNA,TRANSCRIPTOMIC,Homo sapiens,ILLUMINA,2024-03-28T00:00:00Z,2023-08-10T13:51:00Z,1,GSM7701454,Pleural effusion,SRP454481,Pleural effusion
SRR25601585,RNA-Seq,202,8071610536,PRJNA1004209,SAMN36935077,3914638547,NB4,MAASTRICHT UNIVERSITY,missing,public,"fastq,run.zq,sra","gs,ncbi,s3","gs.us-east1,ncbi.public,s3.us-east-1",SRX21329271,WT,uncalculated,uncalculated,missing,Illumina HiSeq 2500,GSM7701453,PAIRED,cDNA,TRANSCRIPTOMIC,Homo sapiens,ILLUMINA,2024-03-28T00:00:00Z,2023-08-10T14:21:00Z,1,GSM7701453,Bone marrow,SRP454481,Bone marrow
SRR25601586,RNA-Seq,202,4411731914,PRJNA1004209,SAMN36935078,2146541024,BeWo,MAASTRICHT UNIVERSITY,missing,public,"fastq,run.zq,sra","gs,ncbi,s3","gs.us-east1,ncbi.public,s3.us-east-1",SRX21329270,WT,uncalculated,uncalculated,missing,Illumina HiSeq 2500,GSM7701452,PAIRED,cDNA,TRANSCRIPTOMIC,Homo sapiens,ILLUMINA,2024-03-28T00:00:00Z,2023-08-10T13:48:00Z,1,GSM7701452,Brain,SRP454481,Brain
SRR25601587,RNA-Seq,202,5003086106,PRJNA1004209,SAMN36935079,2418013258,U-2197,MAASTRICHT UNIVERSITY,missing,public,"fastq,run.zq,sra","gs,ncbi,s3","gs.us-east1,ncbi.public,s3.us-east-1",SRX21329269,WT,uncalculated,uncalculated,missing,Illumina HiSeq 2500,GSM7701451,PAIRED,cDNA,TRANSCRIPTOMIC,Homo sapiens,ILLUMINA,2024-03-28T00:00:00Z,2023-08-10T14:18:00Z,1,GSM7701451,Subcutis,SRP454481,Subcutis
SRR25601588,RNA-Seq,202,5343517716,PRJNA1004209,SAMN36935080,2467719428,U-2197,MAASTRICHT UNIVERSITY,missing,public,"fastq,run.zq,sra","gs,ncbi,s3","gs.us-east1,ncbi.public,s3.us-east-1",SRX21329268,WT,uncalculated,uncalculated,missing,Illumina HiSeq 2500,GSM7701450,PAIRED,cDNA,TRANSCRIPTOMIC,Homo sapiens,ILLUMINA,2024-03-28T00:00:00Z,2023-08-10T13:49:00Z,1,GSM7701450,Subcutis,SRP454481,Subcutis
SRR25601589,RNA-Seq,202,2056276372,PRJNA1004209,SAMN36935081,988861917,Reh,MAASTRICHT UNIVERSITY,missing,public,"fastq,run.zq,sra","gs,ncbi,s3","gs.us-east1,ncbi.public,s3.us-east-1",SRX21329267,WT,uncalculated,uncalculated,missing,Illumina HiSeq 2500,GSM7701449,PAIRED,cDNA,TRANSCRIPTOMIC,Homo sapiens,ILLUMINA,2024-03-28T00:00:00Z,2023-08-10T13:44:00Z,1,GSM7701449,Peripheral blood,SRP454481,Peripheral blood
SRR25601591,RNA-Seq,202,6976777000,PRJNA1004209,SAMN36935082,3206876068,Reh,MAASTRICHT UNIVERSITY,missing,public,"fastq,run.zq,sra","gs,ncbi,s3","gs.us-east1,ncbi.public,s3.us-east-1",SRX21329266,WT,uncalculated,uncalculated,missing,Illumina HiSeq 2500,GSM7701448,PAIRED,cDNA,TRANSCRIPTOMIC,Homo sapiens,ILLUMINA,2024-03-28T00:00:00Z,2023-08-10T13:58:00Z,1,GSM7701448,Peripheral blood,SRP454481,Peripheral blood
SRR25601592,RNA-Seq,202,5522143892,PRJNA1004209,SAMN36935083,2557406451,SCLC-21H,MAASTRICHT UNIVERSITY,missing,public,"fastq,run.zq,sra","gs,ncbi,s3","gs.us-east1,ncbi.public,s3.us-east-1",SRX21329265,WT,uncalculated,uncalculated,missing,Illumina HiSeq 2500,GSM7701447,PAIRED,cDNA,TRANSCRIPTOMIC,Homo sapiens,ILLUMINA,2024-03-28T00:00:00Z,2023-08-10T13:47:00Z,1,GSM7701447,Pleural effusion,SRP454481,Pleural effusion
SRR25601593,RNA-Seq,202,5422218936,PRJNA1004209,SAMN36935084,2509416005,MOLT-4,MAASTRICHT UNIVERSITY,missing,public,"fastq,run.zq,sra","gs,ncbi,s3","gs.us-east1,ncbi.public,s3.us-east-1",SRX21329264,WT,uncalculated,uncalculated,missing,Illumina HiSeq 2500,GSM7701446,PAIRED,cDNA,TRANSCRIPTOMIC,Homo sapiens,ILLUMINA,2024-03-28T00:00:00Z,2023-08-10T14:53:00Z,1,GSM7701446,Peripheral blood,SRP454481,Peripheral blood
SRR25601594,RNA-Seq,202,2350968718,PRJNA1004209,SAMN36935085,1123811092,MOLT-4,MAASTRICHT UNIVERSITY,missing,public,"fastq,run.zq,sra","gs,ncbi,s3","gs.us-east1,ncbi.public,s3.us-east-1",SRX21329263,WT,uncalculated,uncalculated,missing,Illumina HiSeq 2500,GSM7701445,PAIRED,cDNA,TRANSCRIPTOMIC,Homo sapiens,ILLUMINA,2024-03-28T00:00:00Z,2023-08-10T13:44:00Z,1,GSM7701445,Peripheral blood,SRP454481,Peripheral blood
SRR25601596,RNA-Seq,202,5157984756,PRJNA1004209,SAMN36935086,2382722389,T-47D,MAASTRICHT UNIVERSITY,missing,public,"fastq,run.zq,sra","gs,ncbi,s3","gs.us-east1,ncbi.public,s3.us-east-1",SRX21329262,WT,uncalculated,uncalculated,missing,Illumina HiSeq 2500,GSM7701444,PAIRED,cDNA,TRANSCRIPTOMIC,Homo sapiens,ILLUMINA,2024-03-28T00:00:00Z,2023-08-10T13:48:00Z,1,GSM7701444,Pleural effusion,SRP454481,Pleural effusion
SRR25601597,RNA-Seq,202,5106462838,PRJNA1004209,SAMN36935087,2362650921,U2OS,MAASTRICHT UNIVERSITY,missing,public,"fastq,run.zq,sra","gs,ncbi,s3","gs.us-east1,ncbi.public,s3.us-east-1",SRX21329261,WT,uncalculated,uncalculated,missing,Illumina HiSeq 2500,GSM7701443,PAIRED,cDNA,TRANSCRIPTOMIC,Homo sapiens,ILLUMINA,2024-03-28T00:00:00Z,2023-08-10T14:18:00Z,1,GSM7701443,Bone,SRP454481,Bone
SRR25601598,RNA-Seq,202,2265335464,PRJNA1004209,SAMN36935088,1083715160,U2OS,MAASTRICHT UNIVERSITY,missing,public,"fastq,run.zq,sra","gs,ncbi,s3","gs.us-east1,ncbi.public,s3.us-east-1",SRX21329260,WT,uncalculated,uncalculated,missing,Illumina HiSeq 2500,GSM7701442,PAIRED,cDNA,TRANSCRIPTOMIC,Homo sapiens,ILLUMINA,2024-03-28T00:00:00Z,2023-08-10T13:45:00Z,1,GSM7701442,Bone,SRP454481,Bone
SRR25601600,RNA-Seq,202,4455035866,PRJNA1004209,SAMN36935089,2064967312,RPMI-8226,MAASTRICHT UNIVERSITY,missing,public,"fastq,run.zq,sra","gs,ncbi,s3","gs.us-east1,ncbi.public,s3.us-east-1",SRX21329259,WT,uncalculated,uncalculated,missing,Illumina HiSeq 2500,GSM7701441,PAIRED,cDNA,TRANSCRIPTOMIC,Homo sapiens,ILLUMINA,2024-03-28T00:00:00Z,2023-08-10T13:48:00Z,1,GSM7701441,Peripheral blood,SRP454481,Peripheral blood
SRR25601601,RNA-Seq,202,5030943320,PRJNA1004209,SAMN36935090,2321149937,SK-BR-3,MAASTRICHT UNIVERSITY,missing,public,"fastq,run.zq,sra","gs,ncbi,s3","gs.us-east1,ncbi.public,s3.us-east-1",SRX21329258,WT,uncalculated,uncalculated,missing,Illumina HiSeq 2500,GSM7701440,PAIRED,cDNA,TRANSCRIPTOMIC,Homo sapiens,ILLUMINA,2024-03-28T00:00:00Z,2023-08-10T13:57:00Z,1,GSM7701440,Pleural effusion,SRP454481,Pleural effusion
SRR25601602,RNA-Seq,202,4532678404,PRJNA1004209,SAMN36935091,2092302045,SK-BR-3,MAASTRICHT UNIVERSITY,missing,public,"fastq,run.zq,sra","gs,ncbi,s3","gs.us-east1,ncbi.public,s3.us-east-1",SRX21329257,WT,uncalculated,uncalculated,missing,Illumina HiSeq 2500,GSM7701439,PAIRED,cDNA,TRANSCRIPTOMIC,Homo sapiens,ILLUMINA,2024-03-28T00:00:00Z,2023-08-10T13:47:00Z,1,GSM7701439,Pleural effusion,SRP454481,Pleural effusion
SRR25601603,RNA-Seq,202,2389908864,PRJNA1004209,SAMN36935092,1142770684,HMC-1,MAASTRICHT UNIVERSITY,missing,public,"fastq,run.zq,sra","gs,ncbi,s3","gs.us-east1,ncbi.public,s3.us-east-1",SRX21329256,WT,uncalculated,uncalculated,missing,Illumina HiSeq 2500,GSM7701438,PAIRED,cDNA,TRANSCRIPTOMIC,Homo sapiens,ILLUMINA,2024-03-28T00:00:00Z,2023-08-10T13:45:00Z,1,GSM7701438,Peripheral blood,SRP454481,Peripheral blood
SRR25601605,RNA-Seq,202,1907751630,PRJNA1004209,SAMN36935093,908413581,NTERA-2,MAASTRICHT UNIVERSITY,missing,public,"fastq,run.zq,sra","gs,ncbi,s3","gs.us-east1,ncbi.public,s3.us-east-1",SRX21329255,WT,uncalculated,uncalculated,missing,Illumina HiSeq 2500,GSM7701437,PAIRED,cDNA,TRANSCRIPTOMIC,Homo sapiens,ILLUMINA,2024-03-28T00:00:00Z,2023-08-10T13:44:00Z,1,GSM7701437,Lung,SRP454481,Lung
SRR25601607,RNA-Seq,202,5247522266,PRJNA1004209,SAMN36935094,2419189627,NTERA-2,MAASTRICHT UNIVERSITY,missing,public,"fastq,run.zq,sra","gs,ncbi,s3","gs.us-east1,ncbi.public,s3.us-east-1",SRX21329254,WT,uncalculated,uncalculated,missing,Illumina HiSeq 2500,GSM7701436,PAIRED,cDNA,TRANSCRIPTOMIC,Homo sapiens,ILLUMINA,2024-03-28T00:00:00Z,2023-08-10T13:47:00Z,1,GSM7701436,Lung,SRP454481,Lung
SRR25601608,RNA-Seq,202,5757880518,PRJNA1004209,SAMN36935095,2651984632,WM115,MAASTRICHT UNIVERSITY,missing,public,"fastq,run.zq,sra","gs,ncbi,s3","gs.us-east1,ncbi.public,s3.us-east-1",SRX21329253,WT,uncalculated,uncalculated,missing,Illumina HiSeq 2500,GSM7701435,PAIRED,cDNA,TRANSCRIPTOMIC,Homo sapiens,ILLUMINA,2024-03-28T00:00:00Z,2023-08-10T13:51:00Z,1,GSM7701435,Skin,SRP454481,Skin
SRR25601609,RNA-Seq,202,5846339954,PRJNA1004209,SAMN36935096,2696868502,U-138MG,MAASTRICHT UNIVERSITY,missing,public,"fastq,run.zq,sra","gs,ncbi,s3","gs.us-east1,ncbi.public,s3.us-east-1",SRX21329252,WT,uncalculated,uncalculated,missing,Illumina HiSeq 2500,GSM7701434,PAIRED,cDNA,TRANSCRIPTOMIC,Homo sapiens,ILLUMINA,2024-03-28T00:00:00Z,2023-08-10T13:49:00Z,1,GSM7701434,Brain,SRP454481,Brain
SRR25601610,RNA-Seq,202,5967021420,PRJNA1004209,SAMN36935097,2750259215,U-138MG,MAASTRICHT UNIVERSITY,missing,public,"fastq,run.zq,sra","gs,ncbi,s3","gs.us-east1,ncbi.public,s3.us-east-1",SRX21329251,WT,uncalculated,uncalculated,missing,Illumina HiSeq 2500,GSM7701433,PAIRED,cDNA,TRANSCRIPTOMIC,Homo sapiens,ILLUMINA,2024-03-28T00:00:00Z,2023-08-10T13:49:00Z,1,GSM7701433,Brain,SRP454481,Brain
SRR25601611,RNA-Seq,202,3446760946,PRJNA1004209,SAMN36935098,1590307094,AN3-CA,MAASTRICHT UNIVERSITY,missing,public,"fastq,run.zq,sra","gs,ncbi,s3","gs.us-east1,ncbi.public,s3.us-east-1",SRX21329250,WT,uncalculated,uncalculated,missing,Illumina HiSeq 2500,GSM7701432,PAIRED,cDNA,TRANSCRIPTOMIC,Homo sapiens,ILLUMINA,2024-03-28T00:00:00Z,2023-08-10T13:46:00Z,1,GSM7701432,Lymph node,SRP454481,Lymph node
SRR25601612,RNA-Seq,202,5914033790,PRJNA1004209,SAMN36935099,2720981141,AN3-CA,MAASTRICHT UNIVERSITY,missing,public,"fastq,run.zq,sra","gs,ncbi,s3","gs.us-east1,ncbi.public,s3.us-east-1",SRX21329249,WT,uncalculated,uncalculated,missing,Illumina HiSeq 2500,GSM7701431,PAIRED,cDNA,TRANSCRIPTOMIC,Homo sapiens,ILLUMINA,2024-03-28T00:00:00Z,2023-08-10T13:49:00Z,1,GSM7701431,Lymph node,SRP454481,Lymph node
SRR25601613,RNA-Seq,202,2919136340,PRJNA1004209,SAMN36935100,1402535726,U-266/70,MAASTRICHT UNIVERSITY,missing,public,"fastq,run.zq,sra","gs,ncbi,s3","gs.us-east1,ncbi.public,s3.us-east-1",SRX21329248,WT,uncalculated,uncalculated,missing,Illumina HiSeq 2500,GSM7701430,PAIRED,cDNA,TRANSCRIPTOMIC,Homo sapiens,ILLUMINA,2024-03-28T00:00:00Z,2023-08-10T13:45:00Z,1,GSM7701430,Peripheral blood,SRP454481,Peripheral blood
SRR25601615,RNA-Seq,202,2484879770,PRJNA1004209,SAMN36935101,1188267532,U-266/70,MAASTRICHT UNIVERSITY,missing,public,"fastq,run.zq,sra","gs,ncbi,s3","gs.us-east1,ncbi.public,s3.us-east-1",SRX21329247,WT,uncalculated,uncalculated,missing,Illumina HiSeq 2500,GSM7701429,PAIRED,cDNA,TRANSCRIPTOMIC,Homo sapiens,ILLUMINA,2024-03-28T00:00:00Z,2023-08-10T13:47:00Z,1,GSM7701429,Peripheral blood,SRP454481,Peripheral blood
SRR25601617,RNA-Seq,202,5281030430,PRJNA1004209,SAMN36935102,2428967346,Capan-2,MAASTRICHT UNIVERSITY,missing,public,"fastq,run.zq,sra","gs,ncbi,s3","gs.us-east1,ncbi.public,s3.us-east-1",SRX21329246,WT,uncalculated,uncalculated,missing,Illumina HiSeq 2500,GSM7701428,PAIRED,cDNA,TRANSCRIPTOMIC,Homo sapiens,ILLUMINA,2024-03-28T00:00:00Z,2023-08-10T13:49:00Z,1,GSM7701428,Pancreas,SRP454481,Pancreas
SRR25601618,RNA-Seq,202,5218513248,PRJNA1004209,SAMN36935103,2407385222,Capan-2,MAASTRICHT UNIVERSITY,missing,public,"fastq,run.zq,sra","gs,ncbi,s3","gs.us-east1,ncbi.public,s3.us-east-1",SRX21329245,WT,uncalculated,uncalculated,missing,Illumina HiSeq 2500,GSM7701427,PAIRED,cDNA,TRANSCRIPTOMIC,Homo sapiens,ILLUMINA,2024-03-28T00:00:00Z,2023-08-10T13:48:00Z,1,GSM7701427,Pancreas,SRP454481,Pancreas
SRR25601619,RNA-Seq,202,4958229986,PRJNA1004209,SAMN36935104,2290268207,T-47D,MAASTRICHT UNIVERSITY,missing,public,"fastq,run.zq,sra","gs,ncbi,s3","gs.us-east1,ncbi.public,s3.us-east-1",SRX21329244,WT,uncalculated,uncalculated,missing,Illumina HiSeq 2500,GSM7701426,PAIRED,cDNA,TRANSCRIPTOMIC,Homo sapiens,ILLUMINA,2024-03-28T00:00:00Z,2023-08-10T13:48:00Z,1,GSM7701426,Pleural effusion,SRP454481,Pleural effusion
SRR25601620,RNA-Seq,202,6044989986,PRJNA1004209,SAMN36935105,2807656729,HMC-1,MAASTRICHT UNIVERSITY,missing,public,"fastq,run.zq,sra","gs,ncbi,s3","gs.us-east1,ncbi.public,s3.us-east-1",SRX21329243,WT,uncalculated,uncalculated,missing,Illumina HiSeq 2500,GSM7701425,PAIRED,cDNA,TRANSCRIPTOMIC,Homo sapiens,ILLUMINA,2024-03-28T00:00:00Z,2023-08-10T13:49:00Z,1,GSM7701425,Peripheral blood,SRP454481,Peripheral blood
SRR25601621,RNA-Seq,202,4850001618,PRJNA1004209,SAMN36935106,2243273082,WM115,MAASTRICHT UNIVERSITY,missing,public,"fastq,run.zq,sra","gs,ncbi,s3","gs.us-east1,ncbi.public,s3.us-east-1",SRX21329242,WT,uncalculated,uncalculated,missing,Illumina HiSeq 2500,GSM7701424,PAIRED,cDNA,TRANSCRIPTOMIC,Homo sapiens,ILLUMINA,2024-03-28T00:00:00Z,2023-08-10T14:21:00Z,1,GSM7701424,Skin,SRP454481,Skin
SRR25601622,RNA-Seq,202,4569761160,PRJNA1004209,SAMN36935107,2124021112,Karpas-707,MAASTRICHT UNIVERSITY,missing,public,"fastq,run.zq,sra","gs,ncbi,s3","gs.us-east1,ncbi.public,s3.us-east-1",SRX21329241,WT,uncalculated,uncalculated,missing,Illumina HiSeq 2500,GSM7701423,PAIRED,cDNA,TRANSCRIPTOMIC,Homo sapiens,ILLUMINA,2024-03-28T00:00:00Z,2023-08-10T13:47:00Z,1,GSM7701423,Bone marrow,SRP454481,Bone marrow
SRR25601623,RNA-Seq,202,5543431662,PRJNA1004209,SAMN36935108,2576214328,Karpas-707,MAASTRICHT UNIVERSITY,missing,public,"fastq,run.zq,sra","gs,ncbi,s3","gs.us-east1,ncbi.public,s3.us-east-1",SRX21329240,WT,uncalculated,uncalculated,missing,Illumina HiSeq 2500,GSM7701422,PAIRED,cDNA,TRANSCRIPTOMIC,Homo sapiens,ILLUMINA,2024-03-28T00:00:00Z,2023-08-10T13:50:00Z,1,GSM7701422,Bone marrow,SRP454481,Bone marrow
SRR25601624,RNA-Seq,202,2011066348,PRJNA1004209,SAMN36935109,961459994,HaCaT,MAASTRICHT UNIVERSITY,missing,public,"fastq,run.zq,sra","gs,ncbi,s3","gs.us-east1,ncbi.public,s3.us-east-1",SRX21329239,WT,uncalculated,uncalculated,missing,Illumina HiSeq 2500,GSM7701421,PAIRED,cDNA,TRANSCRIPTOMIC,Homo sapiens,ILLUMINA,2024-03-28T00:00:00Z,2023-08-10T13:45:00Z,1,GSM7701421,Skin,SRP454481,Skin
SRR25601626,RNA-Seq,202,6064174734,PRJNA1004209,SAMN36935110,2809926915,HaCaT,MAASTRICHT UNIVERSITY,missing,public,"fastq,run.zq,sra","gs,ncbi,s3","gs.us-east1,ncbi.public,s3.us-east-1",SRX21329238,WT,uncalculated,uncalculated,missing,Illumina HiSeq 2500,GSM7701420,PAIRED,cDNA,TRANSCRIPTOMIC,Homo sapiens,ILLUMINA,2024-03-28T00:00:00Z,2023-08-10T13:52:00Z,1,GSM7701420,Skin,SRP454481,Skin
SRR25601627,RNA-Seq,202,4844419550,PRJNA1004209,SAMN36935111,2244591104,U-87MG ATCC,MAASTRICHT UNIVERSITY,missing,public,"fastq,run.zq,sra","gs,ncbi,s3","gs.us-east1,ncbi.public,s3.us-east-1",SRX21329237,WT,uncalculated,uncalculated,missing,Illumina HiSeq 2500,GSM7701419,PAIRED,cDNA,TRANSCRIPTOMIC,Homo sapiens,ILLUMINA,2024-03-28T00:00:00Z,2023-08-10T13:49:00Z,1,GSM7701419,Brain,SRP454481,Brain
SRR25601628,RNA-Seq,202,5397909044,PRJNA1004209,SAMN36935112,2494950602,U-87MG ATCC,MAASTRICHT UNIVERSITY,missing,public,"fastq,run.zq,sra","gs,ncbi,s3","gs.us-east1,ncbi.public,s3.us-east-1",SRX21329236,WT,uncalculated,uncalculated,missing,Illumina HiSeq 2500,GSM7701418,PAIRED,cDNA,TRANSCRIPTOMIC,Homo sapiens,ILLUMINA,2024-03-28T00:00:00Z,2023-08-10T13:49:00Z,1,GSM7701418,Brain,SRP454481,Brain
SRR25601629,RNA-Seq,202,3495007838,PRJNA1004209,SAMN36935113,2656058616,BJ [Human fibroblast],MAASTRICHT UNIVERSITY,missing,public,"fastq,run.zq,sra","gs,ncbi,s3","gs.us-east1,ncbi.public,s3.us-east-1",SRX21329235,WT,uncalculated,uncalculated,missing,Illumina HiSeq 2500,GSM7701417,PAIRED,cDNA,TRANSCRIPTOMIC,Homo sapiens,ILLUMINA,2024-03-28T00:00:00Z,2023-08-10T13:47:00Z,1,GSM7701417,Foreskin,SRP454481,Foreskin
SRR25601630,RNA-Seq,202,4080144066,PRJNA1004209,SAMN36935114,3099940810,BJ [Human fibroblast],MAASTRICHT UNIVERSITY,missing,public,"fastq,run.zq,sra","gs,ncbi,s3","gs.us-east1,ncbi.public,s3.us-east-1",SRX21329234,WT,uncalculated,uncalculated,missing,Illumina HiSeq 2500,GSM7701416,PAIRED,cDNA,TRANSCRIPTOMIC,Homo sapiens,ILLUMINA,2024-03-28T00:00:00Z,2023-08-10T13:48:00Z,1,GSM7701416,Foreskin,SRP454481,Foreskin
SRR25601631,RNA-Seq,202,1969776538,PRJNA1004209,SAMN36935116,1435348062,U2OS,MAASTRICHT UNIVERSITY,missing,public,"fastq,run.zq,sra","gs,ncbi,s3","gs.us-east1,ncbi.public,s3.us-east-1",SRX21329233,WT,uncalculated,uncalculated,missing,Illumina HiSeq 2500,GSM7701414,PAIRED,cDNA,TRANSCRIPTOMIC,Homo sapiens,ILLUMINA,2024-03-28T00:00:00Z,2023-08-10T13:45:00Z,1,GSM7701414,Bone,SRP454481,Bone
SRR25601632,RNA-Seq,202,2599793934,PRJNA1004209,SAMN36935115,1216349304,U2OS,MAASTRICHT UNIVERSITY,missing,public,"fastq,run.zq,sra","gs,ncbi,s3","gs.us-east1,ncbi.public,s3.us-east-1",SRX21329232,WT,uncalculated,uncalculated,missing,Illumina HiSeq 2500,GSM7701415,PAIRED,cDNA,TRANSCRIPTOMIC,Homo sapiens,ILLUMINA,2024-03-28T00:00:00Z,2023-08-10T13:46:00Z,1,GSM7701415,Bone,SRP454481,Bone
SRR25601636,RNA-Seq,202,4445431776,PRJNA1004209,SAMN36935117,2087595514,U-251MG,MAASTRICHT UNIVERSITY,missing,public,"fastq,run.zq,sra","gs,ncbi,s3","gs.us-east1,ncbi.public,s3.us-east-1",SRX21329231,WT,uncalculated,uncalculated,missing,Illumina HiSeq 2500,GSM7701413,PAIRED,cDNA,TRANSCRIPTOMIC,Homo sapiens,ILLUMINA,2024-03-28T00:00:00Z,2023-08-10T13:49:00Z,1,GSM7701413,Brain,SRP454481,Brain
SRR25601639,RNA-Seq,202,2633375020,PRJNA1004209,SAMN36935118,1238954242,U-251MG,MAASTRICHT UNIVERSITY,missing,public,"fastq,run.zq,sra","gs,ncbi,s3","gs.us-east1,ncbi.public,s3.us-east-1",SRX21329230,WT,uncalculated,uncalculated,missing,Illumina HiSeq 2500,GSM7701412,PAIRED,cDNA,TRANSCRIPTOMIC,Homo sapiens,ILLUMINA,2024-03-28T00:00:00Z,2023-08-10T13:45:00Z,1,GSM7701412,Brain,SRP454481,Brain
SRR25601642,RNA-Seq,202,2657701476,PRJNA1004209,SAMN36935119,1245701106,A-431,MAASTRICHT UNIVERSITY,missing,public,"fastq,run.zq,sra","gs,ncbi,s3","gs.us-east1,ncbi.public,s3.us-east-1",SRX21329229,WT,uncalculated,uncalculated,missing,Illumina HiSeq 2500,GSM7701411,PAIRED,cDNA,TRANSCRIPTOMIC,Homo sapiens,ILLUMINA,2024-03-28T00:00:00Z,2023-08-10T13:45:00Z,1,GSM7701411,Skin,SRP454481,Skin
SRR25601645,RNA-Seq,202,3882406670,PRJNA1004209,SAMN36935120,1813542596,A-431,MAASTRICHT UNIVERSITY,missing,public,"fastq,run.zq,sra","gs,ncbi,s3","gs.us-east1,ncbi.public,s3.us-east-1",SRX21329228,WT,uncalculated,uncalculated,missing,Illumina HiSeq 2500,GSM7701410,PAIRED,cDNA,TRANSCRIPTOMIC,Homo sapiens,ILLUMINA,2024-03-28T00:00:00Z,2023-08-10T13:45:00Z,1,GSM7701410,Skin,SRP454481,Skin
SRR25601648,RNA-Seq,202,1911281984,PRJNA1004209,SAMN36935121,893758091,U-698-M,MAASTRICHT UNIVERSITY,missing,public,"fastq,run.zq,sra","gs,ncbi,s3","gs.us-east1,ncbi.public,s3.us-east-1",SRX21329227,WT,uncalculated,uncalculated,missing,Illumina HiSeq 2500,GSM7701409,PAIRED,cDNA,TRANSCRIPTOMIC,Homo sapiens,ILLUMINA,2024-03-28T00:00:00Z,2023-08-10T13:45:00Z,1,GSM7701409,Tonsil,SRP454481,Tonsil
SRR25601652,RNA-Seq,202,1199252386,PRJNA1004209,SAMN36935122,528291666,U-698-M,MAASTRICHT UNIVERSITY,missing,public,"fastq,run.zq,sra","gs,ncbi,s3","gs.us-east1,ncbi.public,s3.us-east-1",SRX21329226,WT,uncalculated,uncalculated,missing,Illumina HiSeq 2500,GSM7701408,PAIRED,cDNA,TRANSCRIPTOMIC,Homo sapiens,ILLUMINA,2024-03-28T00:00:00Z,2023-08-10T13:43:00Z,1,GSM7701408,Tonsil,SRP454481,Tonsil
SRR25601655,RNA-Seq,202,1705602150,PRJNA1004209,SAMN36935123,802757959,SK-MEL-30,MAASTRICHT UNIVERSITY,missing,public,"fastq,run.zq,sra","gs,ncbi,s3","gs.us-east1,ncbi.public,s3.us-east-1",SRX21329225,WT,uncalculated,uncalculated,missing,Illumina HiSeq 2500,GSM7701407,PAIRED,cDNA,TRANSCRIPTOMIC,Homo sapiens,ILLUMINA,2024-03-28T00:00:00Z,2023-08-10T13:43:00Z,1,GSM7701407,Skin,SRP454481,Skin
SRR25601657,RNA-Seq,202,1222134138,PRJNA1004209,SAMN36935125,572976586,THP-1,MAASTRICHT UNIVERSITY,missing,public,"fastq,run.zq,sra","gs,ncbi,s3","gs.us-east1,ncbi.public,s3.us-east-1",SRX21329224,WT,uncalculated,uncalculated,missing,Illumina HiSeq 2500,GSM7701405,PAIRED,cDNA,TRANSCRIPTOMIC,Homo sapiens,ILLUMINA,2024-03-28T00:00:00Z,2023-08-10T13:43:00Z,1,GSM7701405,Peripheral blood,SRP454481,Peripheral blood
SRR25601659,RNA-Seq,202,38725723808,PRJNA1004209,SAMN36935124,28846588704,SK-MEL-30,MAASTRICHT UNIVERSITY,missing,public,"fastq,run.zq,sra","gs,ncbi,s3","gs.us-east1,ncbi.public,s3.us-east-1",SRX21329223,WT,uncalculated,uncalculated,missing,Illumina HiSeq 2500,GSM7701406,PAIRED,cDNA,TRANSCRIPTOMIC,Homo sapiens,ILLUMINA,2024-03-28T00:00:00Z,2023-08-10T14:31:00Z,1,GSM7701406,Skin,SRP454481,Skin
SRR25601662,RNA-Seq,202,2721078572,PRJNA1004209,SAMN36935126,1273191510,THP-1,MAASTRICHT UNIVERSITY,missing,public,"fastq,run.zq,sra","gs,ncbi,s3","gs.us-east1,ncbi.public,s3.us-east-1",SRX21329222,WT,uncalculated,uncalculated,missing,Illumina HiSeq 2500,GSM7701404,PAIRED,cDNA,TRANSCRIPTOMIC,Homo sapiens,ILLUMINA,2024-03-28T00:00:00Z,2023-08-10T13:45:00Z,1,GSM7701404,Peripheral blood,SRP454481,Peripheral blood
SRR25601664,RNA-Seq,202,3145406236,PRJNA1004209,SAMN36935128,1474702763,U-937,MAASTRICHT UNIVERSITY,missing,public,"fastq,run.zq,sra","gs,ncbi,s3","gs.us-east1,ncbi.public,s3.us-east-1",SRX21329221,WT,uncalculated,uncalculated,missing,Illumina HiSeq 2500,GSM7701402,PAIRED,cDNA,TRANSCRIPTOMIC,Homo sapiens,ILLUMINA,2024-03-28T00:00:00Z,2023-08-10T13:46:00Z,1,GSM7701402,Pleural effusion,SRP454481,Pleural effusion
SRR25601666,RNA-Seq,202,651161544,PRJNA1004209,SAMN36935127,287355549,U-937,MAASTRICHT UNIVERSITY,missing,public,"fastq,run.zq,sra","gs,ncbi,s3","gs.us-east1,ncbi.public,s3.us-east-1",SRX21329220,WT,uncalculated,uncalculated,missing,Illumina HiSeq 2500,GSM7701403,PAIRED,cDNA,TRANSCRIPTOMIC,Homo sapiens,ILLUMINA,2024-03-28T00:00:00Z,2023-08-10T13:43:00Z,1,GSM7701403,Pleural effusion,SRP454481,Pleural effusion
SRR25601669,RNA-Seq,202,861897034,PRJNA1004209,SAMN36935129,381084661,U-266/84,MAASTRICHT UNIVERSITY,missing,public,"fastq,run.zq,sra","gs,ncbi,s3","gs.us-east1,ncbi.public,s3.us-east-1",SRX21329219,WT,uncalculated,uncalculated,missing,Illumina HiSeq 2500,GSM7701401,PAIRED,cDNA,TRANSCRIPTOMIC,Homo sapiens,ILLUMINA,2024-03-28T00:00:00Z,2023-08-10T13:43:00Z,1,GSM7701401,Peripheral blood,SRP454481,Peripheral blood
SRR25601672,RNA-Seq,202,2642745598,PRJNA1004209,SAMN36935130,1236803483,U-266/84,MAASTRICHT UNIVERSITY,missing,public,"fastq,run.zq,sra","gs,ncbi,s3","gs.us-east1,ncbi.public,s3.us-east-1",SRX21329218,WT,uncalculated,uncalculated,missing,Illumina HiSeq 2500,GSM7701400,PAIRED,cDNA,TRANSCRIPTOMIC,Homo sapiens,ILLUMINA,2024-03-28T00:00:00Z,2023-08-10T13:45:00Z,1,GSM7701400,Peripheral blood,SRP454481,Peripheral blood
SRR25601675,RNA-Seq,202,2033804276,PRJNA1004209,SAMN36935131,959054114,HDLM-2,MAASTRICHT UNIVERSITY,missing,public,"fastq,run.zq,sra","gs,ncbi,s3","gs.us-east1,ncbi.public,s3.us-east-1",SRX21329217,WT,uncalculated,uncalculated,missing,Illumina HiSeq 2500,GSM7701399,PAIRED,cDNA,TRANSCRIPTOMIC,Homo sapiens,ILLUMINA,2024-03-28T00:00:00Z,2023-08-10T13:45:00Z,1,GSM7701399,Pleural effusion,SRP454481,Pleural effusion
SRR25601678,RNA-Seq,202,2049692586,PRJNA1004209,SAMN36935132,962318011,EFO-21,MAASTRICHT UNIVERSITY,missing,public,"fastq,run.zq,sra","gs,ncbi,s3","gs.us-east1,ncbi.public,s3.us-east-1",SRX21329216,WT,uncalculated,uncalculated,missing,Illumina HiSeq 2500,GSM7701398,PAIRED,cDNA,TRANSCRIPTOMIC,Homo sapiens,ILLUMINA,2024-03-28T00:00:00Z,2023-08-10T13:45:00Z,1,GSM7701398,Ascites,SRP454481,Ascites
SRR25601681,RNA-Seq,202,2594248428,PRJNA1004209,SAMN36935133,1223762090,EFO-21,MAASTRICHT UNIVERSITY,missing,public,"fastq,run.zq,sra","gs,ncbi,s3","gs.us-east1,ncbi.public,s3.us-east-1",SRX21329215,WT,uncalculated,uncalculated,missing,Illumina HiSeq 2500,GSM7701397,PAIRED,cDNA,TRANSCRIPTOMIC,Homo sapiens,ILLUMINA,2024-03-28T00:00:00Z,2023-08-10T13:45:00Z,1,GSM7701397,Ascites,SRP454481,Ascites
SRR25601684,RNA-Seq,202,4588506356,PRJNA1004209,SAMN36935134,2173066120,SuSa,MAASTRICHT UNIVERSITY,missing,public,"fastq,run.zq,sra","gs,ncbi,s3","gs.us-east1,ncbi.public,s3.us-east-1",SRX21329214,WT,uncalculated,uncalculated,missing,Illumina HiSeq 2500,GSM7701396,PAIRED,cDNA,TRANSCRIPTOMIC,Homo sapiens,ILLUMINA,2024-03-28T00:00:00Z,2023-08-10T14:24:00Z,1,GSM7701396,Testis,SRP454481,Testis
SRR25601686,RNA-Seq,202,4336787692,PRJNA1004209,SAMN36935135,2052233155,SuSa,MAASTRICHT UNIVERSITY,missing,public,"fastq,run.zq,sra","gs,ncbi,s3","gs.us-east1,ncbi.public,s3.us-east-1",SRX21329213,WT,uncalculated,uncalculated,missing,Illumina HiSeq 2500,GSM7701395,PAIRED,cDNA,TRANSCRIPTOMIC,Homo sapiens,ILLUMINA,2024-03-28T00:00:00Z,2023-08-10T13:46:00Z,1,GSM7701395,Testis,SRP454481,Testis
SRR25601688,RNA-Seq,202,3869870348,PRJNA1004209,SAMN36935136,1816924991,hTERT-RPE1,MAASTRICHT UNIVERSITY,missing,public,"fastq,run.zq,sra","gs,ncbi,s3","gs.us-east1,ncbi.public,s3.us-east-1",SRX21329212,WT,uncalculated,uncalculated,missing,Illumina HiSeq 2500,GSM7701394,PAIRED,cDNA,TRANSCRIPTOMIC,Homo sapiens,ILLUMINA,2024-03-28T00:00:00Z,2023-08-10T13:51:00Z,1,GSM7701394,Eye,SRP454481,Eye
SRR25601690,RNA-Seq,202,3888392132,PRJNA1004209,SAMN36935137,1841956848,hTERT-RPE1,MAASTRICHT UNIVERSITY,missing,public,"fastq,run.zq,sra","gs,ncbi,s3","gs.us-east1,ncbi.public,s3.us-east-1",SRX21329211,WT,uncalculated,uncalculated,missing,Illumina HiSeq 2500,GSM7701393,PAIRED,cDNA,TRANSCRIPTOMIC,Homo sapiens,ILLUMINA,2024-03-28T00:00:00Z,2023-08-10T13:51:00Z,1,GSM7701393,Eye,SRP454481,Eye
SRR25601692,RNA-Seq,202,3205028556,PRJNA1004209,SAMN36935138,1526113080,OE19,MAASTRICHT UNIVERSITY,missing,public,"fastq,run.zq,sra","gs,ncbi,s3","gs.us-east1,ncbi.public,s3.us-east-1",SRX21329210,WT,uncalculated,uncalculated,missing,Illumina HiSeq 2500,GSM7701392,PAIRED,cDNA,TRANSCRIPTOMIC,Homo sapiens,ILLUMINA,2024-03-28T00:00:00Z,2023-08-10T13:45:00Z,1,GSM7701392,Esophagus,SRP454481,Esophagus
SRR25601694,RNA-Seq,202,5188616440,PRJNA1004209,SAMN36935139,2464392951,OE19,MAASTRICHT UNIVERSITY,missing,public,"fastq,run.zq,sra","gs,ncbi,s3","gs.us-east1,ncbi.public,s3.us-east-1",SRX21329209,WT,uncalculated,uncalculated,missing,Illumina HiSeq 2500,GSM7701391,PAIRED,cDNA,TRANSCRIPTOMIC,Homo sapiens,ILLUMINA,2024-03-28T00:00:00Z,2023-08-10T13:49:00Z,1,GSM7701391,Esophagus,SRP454481,Esophagus
SRR25601696,RNA-Seq,202,4208240346,PRJNA1004209,SAMN36935140,2020570604,GaMG,MAASTRICHT UNIVERSITY,missing,public,"fastq,run.zq,sra","gs,ncbi,s3","gs.us-east1,ncbi.public,s3.us-east-1",SRX21329208,WT,uncalculated,uncalculated,missing,Illumina HiSeq 2500,GSM7701390,PAIRED,cDNA,TRANSCRIPTOMIC,Homo sapiens,ILLUMINA,2024-03-28T00:00:00Z,2023-08-10T13:48:00Z,1,GSM7701390,Brain,SRP454481,Brain
SRR25601698,RNA-Seq,202,3975719762,PRJNA1004209,SAMN36935141,1915931076,GaMG,MAASTRICHT UNIVERSITY,missing,public,"fastq,run.zq,sra","gs,ncbi,s3","gs.us-east1,ncbi.public,s3.us-east-1",SRX21329207,WT,uncalculated,uncalculated,missing,Illumina HiSeq 2500,GSM7701389,PAIRED,cDNA,TRANSCRIPTOMIC,Homo sapiens,ILLUMINA,2024-03-28T00:00:00Z,2023-08-10T13:48:00Z,1,GSM7701389,Brain,SRP454481,Brain
SRR25601700,RNA-Seq,202,4428758494,PRJNA1004209,SAMN36935142,2114470185,Jurkat,MAASTRICHT UNIVERSITY,missing,public,"fastq,run.zq,sra","gs,ncbi,s3","gs.us-east1,ncbi.public,s3.us-east-1",SRX21329206,WT,uncalculated,uncalculated,missing,Illumina HiSeq 2500,GSM7701388,PAIRED,cDNA,TRANSCRIPTOMIC,Homo sapiens,ILLUMINA,2024-03-28T00:00:00Z,2023-08-10T13:50:00Z,1,GSM7701388,Peripheral blood,SRP454481,Peripheral blood
SRR25601702,RNA-Seq,202,5412162568,PRJNA1004209,SAMN36935143,2599173390,Jurkat,MAASTRICHT UNIVERSITY,missing,public,"fastq,run.zq,sra","gs,ncbi,s3","gs.us-east1,ncbi.public,s3.us-east-1",SRX21329205,WT,uncalculated,uncalculated,missing,Illumina HiSeq 2500,GSM7701387,PAIRED,cDNA,TRANSCRIPTOMIC,Homo sapiens,ILLUMINA,2024-03-28T00:00:00Z,2023-08-10T13:49:00Z,1,GSM7701387,Peripheral blood,SRP454481,Peripheral blood
SRR25601704,RNA-Seq,202,2378187006,PRJNA1004209,SAMN36935144,1597109604,U-937,MAASTRICHT UNIVERSITY,missing,public,"fastq,run.zq,sra","gs,ncbi,s3","gs.us-east1,ncbi.public,s3.us-east-1",SRX21329204,WT,uncalculated,uncalculated,missing,Illumina HiSeq 2500,GSM7701386,PAIRED,cDNA,TRANSCRIPTOMIC,Homo sapiens,ILLUMINA,2024-03-28T00:00:00Z,2023-08-10T13:45:00Z,1,GSM7701386,Pleural effusion,SRP454481,Pleural effusion
SRR25601705,RNA-Seq,202,2016183816,PRJNA1004209,SAMN36935145,1357292132,U-937,MAASTRICHT UNIVERSITY,missing,public,"fastq,run.zq,sra","gs,ncbi,s3","gs.us-east1,ncbi.public,s3.us-east-1",SRX21329203,WT,uncalculated,uncalculated,missing,Illumina HiSeq 2500,GSM7701385,PAIRED,cDNA,TRANSCRIPTOMIC,Homo sapiens,ILLUMINA,2024-03-28T00:00:00Z,2023-08-10T13:44:00Z,1,GSM7701385,Pleural effusion,SRP454481,Pleural effusion
SRR25601707,RNA-Seq,202,2441710754,PRJNA1004209,SAMN36935146,1648265913,U-698-M,MAASTRICHT UNIVERSITY,missing,public,"fastq,run.zq,sra","gs,ncbi,s3","gs.us-east1,ncbi.public,s3.us-east-1",SRX21329202,WT,uncalculated,uncalculated,missing,Illumina HiSeq 2500,GSM7701384,PAIRED,cDNA,TRANSCRIPTOMIC,Homo sapiens,ILLUMINA,2024-03-28T00:00:00Z,2023-08-10T13:46:00Z,1,GSM7701384,Tonsil,SRP454481,Tonsil
SRR25601709,RNA-Seq,202,1671745334,PRJNA1004209,SAMN36935147,1123713733,U-698-M,MAASTRICHT UNIVERSITY,missing,public,"fastq,run.zq,sra","gs,ncbi,s3","gs.us-east1,ncbi.public,s3.us-east-1",SRX21329201,WT,uncalculated,uncalculated,missing,Illumina HiSeq 2500,GSM7701383,PAIRED,cDNA,TRANSCRIPTOMIC,Homo sapiens,ILLUMINA,2024-03-28T00:00:00Z,2023-08-10T13:45:00Z,1,GSM7701383,Tonsil,SRP454481,Tonsil
SRR25601710,RNA-Seq,202,2766465548,PRJNA1004209,SAMN36935148,1867361915,SiHa,MAASTRICHT UNIVERSITY,missing,public,"fastq,run.zq,sra","gs,ncbi,s3","gs.us-east1,ncbi.public,s3.us-east-1",SRX21329200,WT,uncalculated,uncalculated,missing,Illumina HiSeq 2500,GSM7701382,PAIRED,cDNA,TRANSCRIPTOMIC,Homo sapiens,ILLUMINA,2024-03-28T00:00:00Z,2023-08-10T13:45:00Z,1,GSM7701382,Cervix,SRP454481,Cervix
SRR25601712,RNA-Seq,202,2790263168,PRJNA1004209,SAMN36935149,1871237001,Rh30,MAASTRICHT UNIVERSITY,missing,public,"fastq,run.zq,sra","gs,ncbi,s3","gs.us-east1,ncbi.public,s3.us-east-1",SRX21329199,WT,uncalculated,uncalculated,missing,Illumina HiSeq 2500,GSM7701381,PAIRED,cDNA,TRANSCRIPTOMIC,Homo sapiens,ILLUMINA,2024-03-28T00:00:00Z,2023-08-10T13:46:00Z,1,GSM7701381,Bone marrow,SRP454481,Bone marrow
SRR25601714,RNA-Seq,202,3330073626,PRJNA1004209,SAMN36935150,2454152839,Rh30,MAASTRICHT UNIVERSITY,missing,public,"fastq,run.zq,sra","gs,ncbi,s3","gs.us-east1,ncbi.public,s3.us-east-1",SRX21329198,WT,uncalculated,uncalculated,missing,Illumina HiSeq 2500,GSM7701380,PAIRED,cDNA,TRANSCRIPTOMIC,Homo sapiens,ILLUMINA,2024-03-28T00:00:00Z,2023-08-10T13:47:00Z,1,GSM7701380,Bone marrow,SRP454481,Bone marrow
SRR25601715,RNA-Seq,202,3675429390,PRJNA1004209,SAMN36935151,2706276651,HL-60,MAASTRICHT UNIVERSITY,missing,public,"fastq,run.zq,sra","gs,ncbi,s3","gs.us-east1,ncbi.public,s3.us-east-1",SRX21329197,WT,uncalculated,uncalculated,missing,Illumina HiSeq 2500,GSM7701379,PAIRED,cDNA,TRANSCRIPTOMIC,Homo sapiens,ILLUMINA,2024-03-28T00:00:00Z,2023-08-10T13:48:00Z,1,GSM7701379,Peripheral blood,SRP454481,Peripheral blood
SRR25601716,RNA-Seq,202,2174665340,PRJNA1004209,SAMN36935152,1463877204,HL-60,MAASTRICHT UNIVERSITY,missing,public,"fastq,run.zq,sra","gs,ncbi,s3","gs.us-east1,ncbi.public,s3.us-east-1",SRX21329196,WT,uncalculated,uncalculated,missing,Illumina HiSeq 2500,GSM7701378,PAIRED,cDNA,TRANSCRIPTOMIC,Homo sapiens,ILLUMINA,2024-03-28T00:00:00Z,2023-08-10T13:46:00Z,1,GSM7701378,Peripheral blood,SRP454481,Peripheral blood
SRR25601717,RNA-Seq,202,1543021642,PRJNA1004209,SAMN36935153,1043589143,TIME,MAASTRICHT UNIVERSITY,missing,public,"fastq,run.zq,sra","gs,ncbi,s3","gs.us-east1,ncbi.public,s3.us-east-1",SRX21329195,WT,uncalculated,uncalculated,missing,Illumina HiSeq 2500,GSM7701377,PAIRED,cDNA,TRANSCRIPTOMIC,Homo sapiens,ILLUMINA,2024-03-28T00:00:00Z,2023-08-10T13:44:00Z,1,GSM7701377,Foreskin,SRP454481,Foreskin
SRR25601719,RNA-Seq,202,3811738788,PRJNA1004209,SAMN36935154,2561664206,K-562,MAASTRICHT UNIVERSITY,missing,public,"fastq,run.zq,sra","gs,ncbi,s3","gs.us-east1,ncbi.public,s3.us-east-1",SRX21329194,WT,uncalculated,uncalculated,missing,Illumina HiSeq 2500,GSM7701376,PAIRED,cDNA,TRANSCRIPTOMIC,Homo sapiens,ILLUMINA,2024-03-28T00:00:00Z,2023-08-10T13:48:00Z,1,GSM7701376,Pleural effusion,SRP454481,Pleural effusion
SRR25601721,RNA-Seq,202,4932016850,PRJNA1004209,SAMN36935155,3320119051,K-562,MAASTRICHT UNIVERSITY,missing,public,"fastq,run.zq,sra","gs,ncbi,s3","gs.us-east1,ncbi.public,s3.us-east-1",SRX21329193,WT,uncalculated,uncalculated,missing,Illumina HiSeq 2500,GSM7701375,PAIRED,cDNA,TRANSCRIPTOMIC,Homo sapiens,ILLUMINA,2024-03-28T00:00:00Z,2023-08-10T13:50:00Z,1,GSM7701375,Pleural effusion,SRP454481,Pleural effusion
SRR25601723,RNA-Seq,202,1559277592,PRJNA1004209,SAMN36935156,1050799290,HEL,MAASTRICHT UNIVERSITY,missing,public,"fastq,run.zq,sra","gs,ncbi,s3","gs.us-east1,ncbi.public,s3.us-east-1",SRX21329192,WT,uncalculated,uncalculated,missing,Illumina HiSeq 2500,GSM7701374,PAIRED,cDNA,TRANSCRIPTOMIC,Homo sapiens,ILLUMINA,2024-03-28T00:00:00Z,2023-08-10T13:45:00Z,1,GSM7701374,Peripheral blood,SRP454481,Peripheral blood
SRR25601725,RNA-Seq,202,2664377374,PRJNA1004209,SAMN36935157,1787968211,HEL,MAASTRICHT UNIVERSITY,missing,public,"fastq,run.zq,sra","gs,ncbi,s3","gs.us-east1,ncbi.public,s3.us-east-1",SRX21329191,WT,uncalculated,uncalculated,missing,Illumina HiSeq 2500,GSM7701373,PAIRED,cDNA,TRANSCRIPTOMIC,Homo sapiens,ILLUMINA,2024-03-28T00:00:00Z,2023-08-10T13:50:00Z,1,GSM7701373,Peripheral blood,SRP454481,Peripheral blood
SRR25601726,RNA-Seq,202,3675697646,PRJNA1004209,SAMN36935158,2479040808,Daudi,MAASTRICHT UNIVERSITY,missing,public,"fastq,run.zq,sra","gs,ncbi,s3","gs.us-east1,ncbi.public,s3.us-east-1",SRX21329190,WT,uncalculated,uncalculated,missing,Illumina HiSeq 2500,GSM7701372,PAIRED,cDNA,TRANSCRIPTOMIC,Homo sapiens,ILLUMINA,2024-03-28T00:00:00Z,2023-08-10T13:54:00Z,1,GSM7701372,Peripheral blood,SRP454481,Peripheral blood
SRR25601728,RNA-Seq,202,2329905976,PRJNA1004209,SAMN36935159,1572181118,Daudi,MAASTRICHT UNIVERSITY,missing,public,"fastq,run.zq,sra","gs,ncbi,s3","gs.us-east1,ncbi.public,s3.us-east-1",SRX21329189,WT,uncalculated,uncalculated,missing,Illumina HiSeq 2500,GSM7701371,PAIRED,cDNA,TRANSCRIPTOMIC,Homo sapiens,ILLUMINA,2024-03-28T00:00:00Z,2023-08-10T13:49:00Z,1,GSM7701371,Peripheral blood,SRP454481,Peripheral blood
SRR25601730,RNA-Seq,202,3547693074,PRJNA1004209,SAMN36935160,2414374656,RT-4,MAASTRICHT UNIVERSITY,missing,public,"run.zq,sra","gs,ncbi,s3","gs.us-east1,ncbi.public,s3.us-east-1",SRX21329188,WT,uncalculated,uncalculated,missing,Illumina HiSeq 2500,GSM7701370,PAIRED,cDNA,TRANSCRIPTOMIC,Homo sapiens,ILLUMINA,2024-03-28T00:00:00Z,2024-03-25T21:30:00Z,1,GSM7701370,Urinary bladder,SRP454481,Urinary bladder
SRR25601732,RNA-Seq,202,3461149204,PRJNA1004209,SAMN36935161,2357568772,RT-4,MAASTRICHT UNIVERSITY,missing,public,"run.zq,sra","gs,ncbi,s3","gs.us-east1,ncbi.public,s3.us-east-1",SRX21329187,WT,uncalculated,uncalculated,missing,Illumina HiSeq 2500,GSM7701369,PAIRED,cDNA,TRANSCRIPTOMIC,Homo sapiens,ILLUMINA,2024-03-28T00:00:00Z,2024-03-25T21:31:00Z,1,GSM7701369,Urinary bladder,SRP454481,Urinary bladder
SRR25601734,RNA-Seq,202,3245315032,PRJNA1004209,SAMN36935162,2214085784,HeLa,MAASTRICHT UNIVERSITY,missing,public,"run.zq,sra","gs,ncbi,s3","gs.us-east1,ncbi.public,s3.us-east-1",SRX21329186,WT,uncalculated,uncalculated,missing,Illumina HiSeq 2500,GSM7701368,PAIRED,cDNA,TRANSCRIPTOMIC,Homo sapiens,ILLUMINA,2024-03-28T00:00:00Z,2024-03-25T21:31:00Z,1,GSM7701368,Cervix,SRP454481,Cervix
SRR25601736,RNA-Seq,202,1956286978,PRJNA1004209,SAMN36935163,1341935873,HeLa,MAASTRICHT UNIVERSITY,missing,public,"run.zq,sra","gs,ncbi,s3","gs.us-east1,ncbi.public,s3.us-east-1",SRX21329185,WT,uncalculated,uncalculated,missing,Illumina HiSeq 2500,GSM7701367,PAIRED,cDNA,TRANSCRIPTOMIC,Homo sapiens,ILLUMINA,2024-03-28T00:00:00Z,2024-03-25T21:31:00Z,1,GSM7701367,Cervix,SRP454481,Cervix
SRR25601738,RNA-Seq,202,2287395682,PRJNA1004209,SAMN36935164,1376641400,HEK293,MAASTRICHT UNIVERSITY,missing,public,"run.zq,sra","gs,ncbi,s3","gs.us-east1,ncbi.public,s3.us-east-1",SRX21329184,WT,uncalculated,uncalculated,missing,Illumina HiSeq 2500,GSM7701366,PAIRED,cDNA,TRANSCRIPTOMIC,Homo sapiens,ILLUMINA,2024-03-28T00:00:00Z,2024-03-25T21:31:00Z,1,GSM7701366,Fetal kidney,SRP454481,Fetal kidney
SRR25601739,RNA-Seq,202,2418511054,PRJNA1004209,SAMN36935165,1463750718,HEK293,MAASTRICHT UNIVERSITY,missing,public,"run.zq,sra","gs,ncbi,s3","gs.us-east1,ncbi.public,s3.us-east-1",SRX21329183,WT,uncalculated,uncalculated,missing,Illumina HiSeq 2500,GSM7701365,PAIRED,cDNA,TRANSCRIPTOMIC,Homo sapiens,ILLUMINA,2024-03-28T00:00:00Z,2024-03-25T21:32:00Z,1,GSM7701365,Fetal kidney,SRP454481,Fetal kidney
SRR25601740,RNA-Seq,202,2414023422,PRJNA1004209,SAMN36935166,1464133806,PC-3,MAASTRICHT UNIVERSITY,missing,public,"run.zq,sra","gs,ncbi,s3","gs.us-east1,ncbi.public,s3.us-east-1",SRX21329182,WT,uncalculated,uncalculated,missing,Illumina HiSeq 2500,GSM7701364,PAIRED,cDNA,TRANSCRIPTOMIC,Homo sapiens,ILLUMINA,2024-03-28T00:00:00Z,2024-03-25T21:31:00Z,1,GSM7701364,Bone,SRP454481,Bone
SRR25601741,RNA-Seq,202,1957521602,PRJNA1004209,SAMN36935167,1184344704,PC-3,MAASTRICHT UNIVERSITY,missing,public,"run.zq,sra","gs,ncbi,s3","gs.us-east1,ncbi.public,s3.us-east-1",SRX21329181,WT,uncalculated,uncalculated,missing,Illumina HiSeq 2500,GSM7701363,PAIRED,cDNA,TRANSCRIPTOMIC,Homo sapiens,ILLUMINA,2024-03-28T00:00:00Z,2024-03-25T21:31:00Z,1,GSM7701363,Bone,SRP454481,Bone
SRR25601742,RNA-Seq,202,1960774408,PRJNA1004209,SAMN36935168,1341249963,Hep-G2,MAASTRICHT UNIVERSITY,missing,public,"run.zq,sra","gs,ncbi,s3","gs.us-east1,ncbi.public,s3.us-east-1",SRX21329180,WT,uncalculated,uncalculated,missing,Illumina HiSeq 2500,GSM7701362,PAIRED,cDNA,TRANSCRIPTOMIC,Homo sapiens,ILLUMINA,2024-03-28T00:00:00Z,2024-03-25T21:31:00Z,1,GSM7701362,Liver,SRP454481,Liver
SRR25601744,RNA-Seq,202,1568672410,PRJNA1004209,SAMN36935169,1085930580,Hep-G2,MAASTRICHT UNIVERSITY,missing,public,"run.zq,sra","gs,ncbi,s3","gs.us-east1,ncbi.public,s3.us-east-1",SRX21329179,WT,uncalculated,uncalculated,missing,Illumina HiSeq 2500,GSM7701361,PAIRED,cDNA,TRANSCRIPTOMIC,Homo sapiens,ILLUMINA,2024-03-28T00:00:00Z,2024-03-25T21:32:00Z,1,GSM7701361,Liver,SRP454481,Liver
SRR25601746,RNA-Seq,202,2444236158,PRJNA1004209,SAMN36935170,1606682708,Caco-2,MAASTRICHT UNIVERSITY,missing,public,"run.zq,sra","gs,ncbi,s3","gs.us-east1,ncbi.public,s3.us-east-1",SRX21329178,WT,uncalculated,uncalculated,missing,Illumina HiSeq 2500,GSM7701360,PAIRED,cDNA,TRANSCRIPTOMIC,Homo sapiens,ILLUMINA,2024-03-28T00:00:00Z,2024-03-25T21:32:00Z,1,GSM7701360,Colon,SRP454481,Colon
SRR25601747,RNA-Seq,202,1927920926,PRJNA1004209,SAMN36935171,1270619022,Caco-2,MAASTRICHT UNIVERSITY,missing,public,"run.zq,sra","gs,ncbi,s3","gs.us-east1,ncbi.public,s3.us-east-1",SRX21329177,WT,uncalculated,uncalculated,missing,Illumina HiSeq 2500,GSM7701359,PAIRED,cDNA,TRANSCRIPTOMIC,Homo sapiens,ILLUMINA,2024-03-28T00:00:00Z,2024-03-25T21:32:00Z,1,GSM7701359,Colon,SRP454481,Colon
SRR25601748,RNA-Seq,202,1879689790,PRJNA1004209,SAMN36935172,1245435232,A-549,MAASTRICHT UNIVERSITY,missing,public,"run.zq,sra","gs,ncbi,s3","gs.us-east1,ncbi.public,s3.us-east-1",SRX21329176,WT,uncalculated,uncalculated,missing,Illumina HiSeq 2500,GSM7701358,PAIRED,cDNA,TRANSCRIPTOMIC,Homo sapiens,ILLUMINA,2024-03-28T00:00:00Z,2024-03-25T21:32:00Z,1,GSM7701358,Lung,SRP454481,Lung
SRR25601749,RNA-Seq,202,1726279880,PRJNA1004209,SAMN36935173,1138284338,A-549,MAASTRICHT UNIVERSITY,missing,public,"run.zq,sra","gs,ncbi,s3","gs.us-east1,ncbi.public,s3.us-east-1",SRX21329175,WT,uncalculated,uncalculated,missing,Illumina HiSeq 2500,GSM7701357,PAIRED,cDNA,TRANSCRIPTOMIC,Homo sapiens,ILLUMINA,2024-03-28T00:00:00Z,2024-03-25T21:32:00Z,1,GSM7701357,Lung,SRP454481,Lung
SRR25601750,RNA-Seq,202,2830467228,PRJNA1004209,SAMN36935174,1868865173,MCF-7,MAASTRICHT UNIVERSITY,missing,public,"run.zq,sra","gs,ncbi,s3","gs.us-east1,ncbi.public,s3.us-east-1",SRX21329174,WT,uncalculated,uncalculated,missing,Illumina HiSeq 2500,GSM7701356,PAIRED,cDNA,TRANSCRIPTOMIC,Homo sapiens,ILLUMINA,2024-03-28T00:00:00Z,2024-03-25T21:32:00Z,1,GSM7701356,Pleural effusion,SRP454481,Pleural effusion
SRR25601751,RNA-Seq,202,1973131960,PRJNA1004209,SAMN36935175,1303188643,MCF-7,MAASTRICHT UNIVERSITY,missing,public,"run.zq,sra","gs,ncbi,s3","gs.us-east1,ncbi.public,s3.us-east-1",SRX21329173,WT,uncalculated,uncalculated,missing,Illumina HiSeq 2500,GSM7701355,PAIRED,cDNA,TRANSCRIPTOMIC,Homo sapiens,ILLUMINA,2024-03-28T00:00:00Z,2024-03-25T21:32:00Z,1,GSM7701355,Pleural effusion,SRP454481,Pleural effusion
SRR25601558,RNA-Seq,202,5660948596,PRJNA1004209,SAMN36935051,2462111675,AF22,MAASTRICHT UNIVERSITY,missing,public,"fastq,run.zq,sra","gs,ncbi,s3","gs.us-east1,ncbi.public,s3.us-east-1",SRX21329297,WT,uncalculated,uncalculated,missing,Illumina HiSeq 2500,GSM7701479,PAIRED,cDNA,TRANSCRIPTOMIC,Homo sapiens,ILLUMINA,2024-03-28T00:00:00Z,2023-08-10T13:49:00Z,1,GSM7701479,Skin,SRP454481,Skin
SRR25601560,RNA-Seq,202,5285882268,PRJNA1004209,SAMN36935052,2329422893,AF22,MAASTRICHT UNIVERSITY,missing,public,"fastq,run.zq,sra","gs,ncbi,s3","gs.us-east1,ncbi.public,s3.us-east-1",SRX21329296,WT,uncalculated,uncalculated,missing,Illumina HiSeq 2500,GSM7701478,PAIRED,cDNA,TRANSCRIPTOMIC,Homo sapiens,ILLUMINA,2024-03-28T00:00:00Z,2023-08-10T14:18:00Z,1,GSM7701478,Skin,SRP454481,Skin
SRR25601590,RNA-Seq,202,2081669186,PRJNA1004209,SAMN36935081,1003482063,Reh,MAASTRICHT UNIVERSITY,missing,public,"fastq,run.zq,sra","gs,ncbi,s3","gs.us-east1,ncbi.public,s3.us-east-1",SRX21329267,WT,uncalculated,uncalculated,missing,Illumina HiSeq 2500,GSM7701449,PAIRED,cDNA,TRANSCRIPTOMIC,Homo sapiens,ILLUMINA,2024-03-28T00:00:00Z,2023-08-10T13:45:00Z,1,GSM7701449,Peripheral blood,SRP454481,Peripheral blood
SRR25601595,RNA-Seq,202,2399980584,PRJNA1004209,SAMN36935085,1149734024,MOLT-4,MAASTRICHT UNIVERSITY,missing,public,"fastq,run.zq,sra","gs,ncbi,s3","gs.us-east1,ncbi.public,s3.us-east-1",SRX21329263,WT,uncalculated,uncalculated,missing,Illumina HiSeq 2500,GSM7701445,PAIRED,cDNA,TRANSCRIPTOMIC,Homo sapiens,ILLUMINA,2024-03-28T00:00:00Z,2023-08-10T13:44:00Z,1,GSM7701445,Peripheral blood,SRP454481,Peripheral blood
SRR25601599,RNA-Seq,202,2304184104,PRJNA1004209,SAMN36935088,1105067732,U2OS,MAASTRICHT UNIVERSITY,missing,public,"fastq,run.zq,sra","gs,ncbi,s3","gs.us-east1,ncbi.public,s3.us-east-1",SRX21329260,WT,uncalculated,uncalculated,missing,Illumina HiSeq 2500,GSM7701442,PAIRED,cDNA,TRANSCRIPTOMIC,Homo sapiens,ILLUMINA,2024-03-28T00:00:00Z,2023-08-10T13:44:00Z,1,GSM7701442,Bone,SRP454481,Bone
SRR25601604,RNA-Seq,202,2434371690,PRJNA1004209,SAMN36935092,1166752032,HMC-1,MAASTRICHT UNIVERSITY,missing,public,"fastq,run.zq,sra","gs,ncbi,s3","gs.us-east1,ncbi.public,s3.us-east-1",SRX21329256,WT,uncalculated,uncalculated,missing,Illumina HiSeq 2500,GSM7701438,PAIRED,cDNA,TRANSCRIPTOMIC,Homo sapiens,ILLUMINA,2024-03-28T00:00:00Z,2023-08-10T13:45:00Z,1,GSM7701438,Peripheral blood,SRP454481,Peripheral blood
SRR25601606,RNA-Seq,202,1947720764,PRJNA1004209,SAMN36935093,929452665,NTERA-2,MAASTRICHT UNIVERSITY,missing,public,"fastq,run.zq,sra","gs,ncbi,s3","gs.us-east1,ncbi.public,s3.us-east-1",SRX21329255,WT,uncalculated,uncalculated,missing,Illumina HiSeq 2500,GSM7701437,PAIRED,cDNA,TRANSCRIPTOMIC,Homo sapiens,ILLUMINA,2024-03-28T00:00:00Z,2023-08-10T13:44:00Z,1,GSM7701437,Lung,SRP454481,Lung
SRR25601614,RNA-Seq,202,2977128924,PRJNA1004209,SAMN36935100,1434449955,U-266/70,MAASTRICHT UNIVERSITY,missing,public,"fastq,run.zq,sra","gs,ncbi,s3","gs.us-east1,ncbi.public,s3.us-east-1",SRX21329248,WT,uncalculated,uncalculated,missing,Illumina HiSeq 2500,GSM7701430,PAIRED,cDNA,TRANSCRIPTOMIC,Homo sapiens,ILLUMINA,2024-03-28T00:00:00Z,2023-08-10T13:46:00Z,1,GSM7701430,Peripheral blood,SRP454481,Peripheral blood
SRR25601616,RNA-Seq,202,2529732254,PRJNA1004209,SAMN36935101,1212487982,U-266/70,MAASTRICHT UNIVERSITY,missing,public,"fastq,run.zq,sra","gs,ncbi,s3","gs.us-east1,ncbi.public,s3.us-east-1",SRX21329247,WT,uncalculated,uncalculated,missing,Illumina HiSeq 2500,GSM7701429,PAIRED,cDNA,TRANSCRIPTOMIC,Homo sapiens,ILLUMINA,2024-03-28T00:00:00Z,2023-08-10T13:45:00Z,1,GSM7701429,Peripheral blood,SRP454481,Peripheral blood
SRR25601625,RNA-Seq,202,2053298084,PRJNA1004209,SAMN36935109,984184759,HaCaT,MAASTRICHT UNIVERSITY,missing,public,"fastq,run.zq,sra","gs,ncbi,s3","gs.us-east1,ncbi.public,s3.us-east-1",SRX21329239,WT,uncalculated,uncalculated,missing,Illumina HiSeq 2500,GSM7701421,PAIRED,cDNA,TRANSCRIPTOMIC,Homo sapiens,ILLUMINA,2024-03-28T00:00:00Z,2023-08-10T13:44:00Z,1,GSM7701421,Skin,SRP454481,Skin
SRR25601633,RNA-Seq,202,2582069040,PRJNA1004209,SAMN36935115,1213412147,U2OS,MAASTRICHT UNIVERSITY,missing,public,"fastq,run.zq,sra","gs,ncbi,s3","gs.us-east1,ncbi.public,s3.us-east-1",SRX21329232,WT,uncalculated,uncalculated,missing,Illumina HiSeq 2500,GSM7701415,PAIRED,cDNA,TRANSCRIPTOMIC,Homo sapiens,ILLUMINA,2024-03-28T00:00:00Z,2023-08-10T13:45:00Z,1,GSM7701415,Bone,SRP454481,Bone
SRR25601634,RNA-Seq,202,2069977426,PRJNA1004209,SAMN36935115,1582811301,U2OS,MAASTRICHT UNIVERSITY,missing,public,"fastq,run.zq,sra","gs,ncbi,s3","gs.us-east1,ncbi.public,s3.us-east-1",SRX21329232,WT,uncalculated,uncalculated,missing,Illumina HiSeq 2500,GSM7701415,PAIRED,cDNA,TRANSCRIPTOMIC,Homo sapiens,ILLUMINA,2024-03-28T00:00:00Z,2023-08-10T13:43:00Z,1,GSM7701415,Bone,SRP454481,Bone
SRR25601635,RNA-Seq,202,6382240500,PRJNA1004209,SAMN36935115,4893595250,U2OS,MAASTRICHT UNIVERSITY,missing,public,"fastq,run.zq,sra","gs,ncbi,s3","gs.us-east1,ncbi.public,s3.us-east-1",SRX21329232,WT,uncalculated,uncalculated,missing,Illumina HiSeq 2500,GSM7701415,PAIRED,cDNA,TRANSCRIPTOMIC,Homo sapiens,ILLUMINA,2024-03-28T00:00:00Z,2023-08-10T13:49:00Z,1,GSM7701415,Bone,SRP454481,Bone
SRR25601637,RNA-Seq,202,4417890894,PRJNA1004209,SAMN36935117,2083633974,U-251MG,MAASTRICHT UNIVERSITY,missing,public,"fastq,run.zq,sra","gs,ncbi,s3","gs.us-east1,ncbi.public,s3.us-east-1",SRX21329231,WT,uncalculated,uncalculated,missing,Illumina HiSeq 2500,GSM7701413,PAIRED,cDNA,TRANSCRIPTOMIC,Homo sapiens,ILLUMINA,2024-03-28T00:00:00Z,2023-08-10T13:46:00Z,1,GSM7701413,Brain,SRP454481,Brain
SRR25601638,RNA-Seq,202,2451533610,PRJNA1004209,SAMN36935117,1872094631,U-251MG,MAASTRICHT UNIVERSITY,missing,public,"fastq,run.zq,sra","gs,ncbi,s3","gs.us-east1,ncbi.public,s3.us-east-1",SRX21329231,WT,uncalculated,uncalculated,missing,Illumina HiSeq 2500,GSM7701413,PAIRED,cDNA,TRANSCRIPTOMIC,Homo sapiens,ILLUMINA,2024-03-28T00:00:00Z,2023-08-10T13:46:00Z,1,GSM7701413,Brain,SRP454481,Brain
SRR25601640,RNA-Seq,202,2619199670,PRJNA1004209,SAMN36935118,1237826497,U-251MG,MAASTRICHT UNIVERSITY,missing,public,"fastq,run.zq,sra","gs,ncbi,s3","gs.us-east1,ncbi.public,s3.us-east-1",SRX21329230,WT,uncalculated,uncalculated,missing,Illumina HiSeq 2500,GSM7701412,PAIRED,cDNA,TRANSCRIPTOMIC,Homo sapiens,ILLUMINA,2024-03-28T00:00:00Z,2023-08-10T13:45:00Z,1,GSM7701412,Brain,SRP454481,Brain
SRR25601641,RNA-Seq,202,5791489076,PRJNA1004209,SAMN36935118,4290397961,U-251MG,MAASTRICHT UNIVERSITY,missing,public,"fastq,run.zq,sra","gs,ncbi,s3","gs.us-east1,ncbi.public,s3.us-east-1",SRX21329230,WT,uncalculated,uncalculated,missing,Illumina HiSeq 2500,GSM7701412,PAIRED,cDNA,TRANSCRIPTOMIC,Homo sapiens,ILLUMINA,2024-03-28T00:00:00Z,2023-08-10T14:09:00Z,1,GSM7701412,Brain,SRP454481,Brain
SRR25601643,RNA-Seq,202,2635693980,PRJNA1004209,SAMN36935119,1240603622,A-431,MAASTRICHT UNIVERSITY,missing,public,"fastq,run.zq,sra","gs,ncbi,s3","gs.us-east1,ncbi.public,s3.us-east-1",SRX21329229,WT,uncalculated,uncalculated,missing,Illumina HiSeq 2500,GSM7701411,PAIRED,cDNA,TRANSCRIPTOMIC,Homo sapiens,ILLUMINA,2024-03-28T00:00:00Z,2023-08-10T13:45:00Z,1,GSM7701411,Skin,SRP454481,Skin
SRR25601644,RNA-Seq,202,6429905026,PRJNA1004209,SAMN36935119,4728122832,A-431,MAASTRICHT UNIVERSITY,missing,public,"fastq,run.zq,sra","gs,ncbi,s3","gs.us-east1,ncbi.public,s3.us-east-1",SRX21329229,WT,uncalculated,uncalculated,missing,Illumina HiSeq 2500,GSM7701411,PAIRED,cDNA,TRANSCRIPTOMIC,Homo sapiens,ILLUMINA,2024-03-28T00:00:00Z,2023-08-10T13:51:00Z,1,GSM7701411,Skin,SRP454481,Skin
SRR25601646,RNA-Seq,202,3858653288,PRJNA1004209,SAMN36935120,1810631200,A-431,MAASTRICHT UNIVERSITY,missing,public,"fastq,run.zq,sra","gs,ncbi,s3","gs.us-east1,ncbi.public,s3.us-east-1",SRX21329228,WT,uncalculated,uncalculated,missing,Illumina HiSeq 2500,GSM7701410,PAIRED,cDNA,TRANSCRIPTOMIC,Homo sapiens,ILLUMINA,2024-03-28T00:00:00Z,2023-08-10T13:46:00Z,1,GSM7701410,Skin,SRP454481,Skin
SRR25601647,RNA-Seq,202,5256416326,PRJNA1004209,SAMN36935120,3897352171,A-431,MAASTRICHT UNIVERSITY,missing,public,"fastq,run.zq,sra","gs,ncbi,s3","gs.us-east1,ncbi.public,s3.us-east-1",SRX21329228,WT,uncalculated,uncalculated,missing,Illumina HiSeq 2500,GSM7701410,PAIRED,cDNA,TRANSCRIPTOMIC,Homo sapiens,ILLUMINA,2024-03-28T00:00:00Z,2023-08-10T13:51:00Z,1,GSM7701410,Skin,SRP454481,Skin
SRR25601649,RNA-Seq,202,1896837570,PRJNA1004209,SAMN36935121,890887789,U-698-M,MAASTRICHT UNIVERSITY,missing,public,"fastq,run.zq,sra","gs,ncbi,s3","gs.us-east1,ncbi.public,s3.us-east-1",SRX21329227,WT,uncalculated,uncalculated,missing,Illumina HiSeq 2500,GSM7701409,PAIRED,cDNA,TRANSCRIPTOMIC,Homo sapiens,ILLUMINA,2024-03-28T00:00:00Z,2023-08-10T13:44:00Z,1,GSM7701409,Tonsil,SRP454481,Tonsil
SRR25601650,RNA-Seq,202,2204952816,PRJNA1004209,SAMN36935121,1629548323,U-698-M,MAASTRICHT UNIVERSITY,missing,public,"fastq,run.zq,sra","gs,ncbi,s3","gs.us-east1,ncbi.public,s3.us-east-1",SRX21329227,WT,uncalculated,uncalculated,missing,Illumina HiSeq 2500,GSM7701409,PAIRED,cDNA,TRANSCRIPTOMIC,Homo sapiens,ILLUMINA,2024-03-28T00:00:00Z,2023-08-10T13:43:00Z,1,GSM7701409,Tonsil,SRP454481,Tonsil
SRR25601651,RNA-Seq,202,2819517818,PRJNA1004209,SAMN36935121,2164057411,U-698-M,MAASTRICHT UNIVERSITY,missing,public,"fastq,run.zq,sra","gs,ncbi,s3","gs.us-east1,ncbi.public,s3.us-east-1",SRX21329227,WT,uncalculated,uncalculated,missing,Illumina HiSeq 2500,GSM7701409,PAIRED,cDNA,TRANSCRIPTOMIC,Homo sapiens,ILLUMINA,2024-03-28T00:00:00Z,2023-08-10T13:47:00Z,1,GSM7701409,Tonsil,SRP454481,Tonsil
SRR25601653,RNA-Seq,202,1219607926,PRJNA1004209,SAMN36935122,536697654,U-698-M,MAASTRICHT UNIVERSITY,missing,public,"fastq,run.zq,sra","gs,ncbi,s3","gs.us-east1,ncbi.public,s3.us-east-1",SRX21329226,WT,uncalculated,uncalculated,missing,Illumina HiSeq 2500,GSM7701408,PAIRED,cDNA,TRANSCRIPTOMIC,Homo sapiens,ILLUMINA,2024-03-28T00:00:00Z,2023-08-10T13:44:00Z,1,GSM7701408,Tonsil,SRP454481,Tonsil
SRR25601654,RNA-Seq,202,2484274376,PRJNA1004209,SAMN36935122,1811855380,U-698-M,MAASTRICHT UNIVERSITY,missing,public,"fastq,run.zq,sra","gs,ncbi,s3","gs.us-east1,ncbi.public,s3.us-east-1",SRX21329226,WT,uncalculated,uncalculated,missing,Illumina HiSeq 2500,GSM7701408,PAIRED,cDNA,TRANSCRIPTOMIC,Homo sapiens,ILLUMINA,2024-03-28T00:00:00Z,2023-08-10T13:46:00Z,1,GSM7701408,Tonsil,SRP454481,Tonsil
SRR25601656,RNA-Seq,202,1700637394,PRJNA1004209,SAMN36935123,803638744,SK-MEL-30,MAASTRICHT UNIVERSITY,missing,public,"fastq,run.zq,sra","gs,ncbi,s3","gs.us-east1,ncbi.public,s3.us-east-1",SRX21329225,WT,uncalculated,uncalculated,missing,Illumina HiSeq 2500,GSM7701407,PAIRED,cDNA,TRANSCRIPTOMIC,Homo sapiens,ILLUMINA,2024-03-28T00:00:00Z,2023-08-10T13:44:00Z,1,GSM7701407,Skin,SRP454481,Skin
SRR25601658,RNA-Seq,202,1217806086,PRJNA1004209,SAMN36935125,573616337,THP-1,MAASTRICHT UNIVERSITY,missing,public,"fastq,run.zq,sra","gs,ncbi,s3","gs.us-east1,ncbi.public,s3.us-east-1",SRX21329224,WT,uncalculated,uncalculated,missing,Illumina HiSeq 2500,GSM7701405,PAIRED,cDNA,TRANSCRIPTOMIC,Homo sapiens,ILLUMINA,2024-03-28T00:00:00Z,2023-08-10T13:43:00Z,1,GSM7701405,Peripheral blood,SRP454481,Peripheral blood
SRR25601660,RNA-Seq,202,1475662924,PRJNA1004209,SAMN36935124,690303931,SK-MEL-30,MAASTRICHT UNIVERSITY,missing,public,"fastq,run.zq,sra","gs,ncbi,s3","gs.us-east1,ncbi.public,s3.us-east-1",SRX21329223,WT,uncalculated,uncalculated,missing,Illumina HiSeq 2500,GSM7701406,PAIRED,cDNA,TRANSCRIPTOMIC,Homo sapiens,ILLUMINA,2024-03-28T00:00:00Z,2023-08-10T13:44:00Z,1,GSM7701406,Skin,SRP454481,Skin
SRR25601661,RNA-Seq,202,1469266594,PRJNA1004209,SAMN36935124,690544484,SK-MEL-30,MAASTRICHT UNIVERSITY,missing,public,"fastq,run.zq,sra","gs,ncbi,s3","gs.us-east1,ncbi.public,s3.us-east-1",SRX21329223,WT,uncalculated,uncalculated,missing,Illumina HiSeq 2500,GSM7701406,PAIRED,cDNA,TRANSCRIPTOMIC,Homo sapiens,ILLUMINA,2024-03-28T00:00:00Z,2023-08-10T13:44:00Z,1,GSM7701406,Skin,SRP454481,Skin
SRR25601663,RNA-Seq,202,2700714548,PRJNA1004209,SAMN36935126,1269093935,THP-1,MAASTRICHT UNIVERSITY,missing,public,"fastq,run.zq,sra","gs,ncbi,s3","gs.us-east1,ncbi.public,s3.us-east-1",SRX21329222,WT,uncalculated,uncalculated,missing,Illumina HiSeq 2500,GSM7701404,PAIRED,cDNA,TRANSCRIPTOMIC,Homo sapiens,ILLUMINA,2024-03-28T00:00:00Z,2023-08-10T13:45:00Z,1,GSM7701404,Peripheral blood,SRP454481,Peripheral blood
SRR25601665,RNA-Seq,202,3125190278,PRJNA1004209,SAMN36935128,1471501062,U-937,MAASTRICHT UNIVERSITY,missing,public,"fastq,run.zq,sra","gs,ncbi,s3","gs.us-east1,ncbi.public,s3.us-east-1",SRX21329221,WT,uncalculated,uncalculated,missing,Illumina HiSeq 2500,GSM7701402,PAIRED,cDNA,TRANSCRIPTOMIC,Homo sapiens,ILLUMINA,2024-03-28T00:00:00Z,2023-08-10T13:46:00Z,1,GSM7701402,Pleural effusion,SRP454481,Pleural effusion
SRR25601667,RNA-Seq,202,2301202180,PRJNA1004209,SAMN36935127,989610600,U-937,MAASTRICHT UNIVERSITY,missing,public,"fastq,run.zq,sra","gs,ncbi,s3","gs.us-east1,ncbi.public,s3.us-east-1",SRX21329220,WT,uncalculated,uncalculated,missing,Illumina HiSeq 2500,GSM7701403,PAIRED,cDNA,TRANSCRIPTOMIC,Homo sapiens,ILLUMINA,2024-03-28T00:00:00Z,2023-08-10T13:45:00Z,1,GSM7701403,Pleural effusion,SRP454481,Pleural effusion
SRR25601668,RNA-Seq,202,659582116,PRJNA1004209,SAMN36935127,290861324,U-937,MAASTRICHT UNIVERSITY,missing,public,"sra,fastq,run.zq","gs,ncbi,s3","gs.us-east1,ncbi.public,s3.us-east-1",SRX21329220,WT,uncalculated,uncalculated,missing,Illumina HiSeq 2500,GSM7701403,PAIRED,cDNA,TRANSCRIPTOMIC,Homo sapiens,ILLUMINA,2024-03-28T00:00:00Z,2023-08-10T13:43:00Z,1,GSM7701403,Pleural effusion,SRP454481,Pleural effusion
SRR25601670,RNA-Seq,202,875638286,PRJNA1004209,SAMN36935129,386883391,U-266/84,MAASTRICHT UNIVERSITY,missing,public,"fastq,run.zq,sra","gs,ncbi,s3","gs.us-east1,ncbi.public,s3.us-east-1",SRX21329219,WT,uncalculated,uncalculated,missing,Illumina HiSeq 2500,GSM7701401,PAIRED,cDNA,TRANSCRIPTOMIC,Homo sapiens,ILLUMINA,2024-03-28T00:00:00Z,2023-08-10T13:43:00Z,1,GSM7701401,Peripheral blood,SRP454481,Peripheral blood
SRR25601671,RNA-Seq,202,4637855158,PRJNA1004209,SAMN36935129,3174754698,U-266/84,MAASTRICHT UNIVERSITY,missing,public,"fastq,run.zq,sra","gs,ncbi,s3","gs.us-east1,ncbi.public,s3.us-east-1",SRX21329219,WT,uncalculated,uncalculated,missing,Illumina HiSeq 2500,GSM7701401,PAIRED,cDNA,TRANSCRIPTOMIC,Homo sapiens,ILLUMINA,2024-03-28T00:00:00Z,2023-08-10T13:49:00Z,1,GSM7701401,Peripheral blood,SRP454481,Peripheral blood
SRR25601673,RNA-Seq,202,2625007372,PRJNA1004209,SAMN36935130,1234012694,U-266/84,MAASTRICHT UNIVERSITY,missing,public,"fastq,run.zq,sra","gs,ncbi,s3","gs.us-east1,ncbi.public,s3.us-east-1",SRX21329218,WT,uncalculated,uncalculated,missing,Illumina HiSeq 2500,GSM7701400,PAIRED,cDNA,TRANSCRIPTOMIC,Homo sapiens,ILLUMINA,2024-03-28T00:00:00Z,2023-08-10T13:48:00Z,1,GSM7701400,Peripheral blood,SRP454481,Peripheral blood
SRR25601674,RNA-Seq,202,15981341302,PRJNA1004209,SAMN36935130,11855482863,U-266/84,MAASTRICHT UNIVERSITY,missing,public,"fastq,run.zq,sra","gs,ncbi,s3","gs.us-east1,ncbi.public,s3.us-east-1",SRX21329218,WT,uncalculated,uncalculated,missing,Illumina HiSeq 2500,GSM7701400,PAIRED,cDNA,TRANSCRIPTOMIC,Homo sapiens,ILLUMINA,2024-03-28T00:00:00Z,2023-08-10T14:08:00Z,1,GSM7701400,Peripheral blood,SRP454481,Peripheral blood
SRR25601676,RNA-Seq,202,2025726700,PRJNA1004209,SAMN36935131,959193382,HDLM-2,MAASTRICHT UNIVERSITY,missing,public,"fastq,run.zq,sra","gs,ncbi,s3","gs.us-east1,ncbi.public,s3.us-east-1",SRX21329217,WT,uncalculated,uncalculated,missing,Illumina HiSeq 2500,GSM7701399,PAIRED,cDNA,TRANSCRIPTOMIC,Homo sapiens,ILLUMINA,2024-03-28T00:00:00Z,2023-08-10T13:44:00Z,1,GSM7701399,Pleural effusion,SRP454481,Pleural effusion
SRR25601677,RNA-Seq,202,5063665906,PRJNA1004209,SAMN36935131,3477308748,HDLM-2,MAASTRICHT UNIVERSITY,missing,public,"fastq,run.zq,sra","gs,ncbi,s3","gs.us-east1,ncbi.public,s3.us-east-1",SRX21329217,WT,uncalculated,uncalculated,missing,Illumina HiSeq 2500,GSM7701399,PAIRED,cDNA,TRANSCRIPTOMIC,Homo sapiens,ILLUMINA,2024-03-28T00:00:00Z,2023-08-10T13:47:00Z,1,GSM7701399,Pleural effusion,SRP454481,Pleural effusion
SRR25601679,RNA-Seq,202,2040225452,PRJNA1004209,SAMN36935132,962231529,EFO-21,MAASTRICHT UNIVERSITY,missing,public,"fastq,run.zq,sra","gs,ncbi,s3","gs.us-east1,ncbi.public,s3.us-east-1",SRX21329216,WT,uncalculated,uncalculated,missing,Illumina HiSeq 2500,GSM7701398,PAIRED,cDNA,TRANSCRIPTOMIC,Homo sapiens,ILLUMINA,2024-03-28T00:00:00Z,2023-08-10T13:45:00Z,1,GSM7701398,Ascites,SRP454481,Ascites
SRR25601680,RNA-Seq,202,19065607996,PRJNA1004209,SAMN36935132,13087985500,EFO-21,MAASTRICHT UNIVERSITY,missing,public,"fastq,run.zq,sra","gs,ncbi,s3","gs.us-east1,ncbi.public,s3.us-east-1",SRX21329216,WT,uncalculated,uncalculated,missing,Illumina HiSeq 2500,GSM7701398,PAIRED,cDNA,TRANSCRIPTOMIC,Homo sapiens,ILLUMINA,2024-03-28T00:00:00Z,2023-08-10T13:55:00Z,1,GSM7701398,Ascites,SRP454481,Ascites
SRR25601682,RNA-Seq,202,2749171722,PRJNA1004209,SAMN36935133,1288747779,EFO-21,MAASTRICHT UNIVERSITY,missing,public,"fastq,run.zq,sra","gs,ncbi,s3","gs.us-east1,ncbi.public,s3.us-east-1",SRX21329215,WT,uncalculated,uncalculated,missing,Illumina HiSeq 2500,GSM7701397,PAIRED,cDNA,TRANSCRIPTOMIC,Homo sapiens,ILLUMINA,2024-03-28T00:00:00Z,2023-08-10T13:45:00Z,1,GSM7701397,Ascites,SRP454481,Ascites
SRR25601683,RNA-Seq,202,24337933034,PRJNA1004209,SAMN36935133,17697996235,EFO-21,MAASTRICHT UNIVERSITY,missing,public,"fastq,run.zq,sra","gs,ncbi,s3","gs.us-east1,ncbi.public,s3.us-east-1",SRX21329215,WT,uncalculated,uncalculated,missing,Illumina HiSeq 2500,GSM7701397,PAIRED,cDNA,TRANSCRIPTOMIC,Homo sapiens,ILLUMINA,2024-03-28T00:00:00Z,2023-08-10T14:11:00Z,1,GSM7701397,Ascites,SRP454481,Ascites
SRR25601685,RNA-Seq,202,4524136834,PRJNA1004209,SAMN36935134,2139408093,SuSa,MAASTRICHT UNIVERSITY,missing,public,"fastq,run.zq,sra","gs,ncbi,s3","gs.us-east1,ncbi.public,s3.us-east-1",SRX21329214,WT,uncalculated,uncalculated,missing,Illumina HiSeq 2500,GSM7701396,PAIRED,cDNA,TRANSCRIPTOMIC,Homo sapiens,ILLUMINA,2024-03-28T00:00:00Z,2023-08-10T14:25:00Z,1,GSM7701396,Testis,SRP454481,Testis
SRR25601687,RNA-Seq,202,4268974878,PRJNA1004209,SAMN36935135,2016431630,SuSa,MAASTRICHT UNIVERSITY,missing,public,"fastq,run.zq,sra","gs,ncbi,s3","gs.us-east1,ncbi.public,s3.us-east-1",SRX21329213,WT,uncalculated,uncalculated,missing,Illumina HiSeq 2500,GSM7701395,PAIRED,cDNA,TRANSCRIPTOMIC,Homo sapiens,ILLUMINA,2024-03-28T00:00:00Z,2023-08-10T14:20:00Z,1,GSM7701395,Testis,SRP454481,Testis
SRR25601689,RNA-Seq,202,3808967954,PRJNA1004209,SAMN36935136,1785750158,hTERT-RPE1,MAASTRICHT UNIVERSITY,missing,public,"fastq,run.zq,sra","gs,ncbi,s3","gs.us-east1,ncbi.public,s3.us-east-1",SRX21329212,WT,uncalculated,uncalculated,missing,Illumina HiSeq 2500,GSM7701394,PAIRED,cDNA,TRANSCRIPTOMIC,Homo sapiens,ILLUMINA,2024-03-28T00:00:00Z,2023-08-10T13:47:00Z,1,GSM7701394,Eye,SRP454481,Eye
SRR25601691,RNA-Seq,202,3831029990,PRJNA1004209,SAMN36935137,1811988431,hTERT-RPE1,MAASTRICHT UNIVERSITY,missing,public,"fastq,run.zq,sra","gs,ncbi,s3","gs.us-east1,ncbi.public,s3.us-east-1",SRX21329211,WT,uncalculated,uncalculated,missing,Illumina HiSeq 2500,GSM7701393,PAIRED,cDNA,TRANSCRIPTOMIC,Homo sapiens,ILLUMINA,2024-03-28T00:00:00Z,2023-08-10T13:50:00Z,1,GSM7701393,Eye,SRP454481,Eye
SRR25601693,RNA-Seq,202,3159242024,PRJNA1004209,SAMN36935138,1501786977,OE19,MAASTRICHT UNIVERSITY,missing,public,"fastq,run.zq,sra","gs,ncbi,s3","gs.us-east1,ncbi.public,s3.us-east-1",SRX21329210,WT,uncalculated,uncalculated,missing,Illumina HiSeq 2500,GSM7701392,PAIRED,cDNA,TRANSCRIPTOMIC,Homo sapiens,ILLUMINA,2024-03-28T00:00:00Z,2023-08-10T13:45:00Z,1,GSM7701392,Esophagus,SRP454481,Esophagus
SRR25601695,RNA-Seq,202,5098885414,PRJNA1004209,SAMN36935139,2416720394,OE19,MAASTRICHT UNIVERSITY,missing,public,"fastq,run.zq,sra","gs,ncbi,s3","gs.us-east1,ncbi.public,s3.us-east-1",SRX21329209,WT,uncalculated,uncalculated,missing,Illumina HiSeq 2500,GSM7701391,PAIRED,cDNA,TRANSCRIPTOMIC,Homo sapiens,ILLUMINA,2024-03-28T00:00:00Z,2023-08-10T13:49:00Z,1,GSM7701391,Esophagus,SRP454481,Esophagus
SRR25601697,RNA-Seq,202,4144258664,PRJNA1004209,SAMN36935140,1988135502,GaMG,MAASTRICHT UNIVERSITY,missing,public,"fastq,run.zq,sra","gs,ncbi,s3","gs.us-east1,ncbi.public,s3.us-east-1",SRX21329208,WT,uncalculated,uncalculated,missing,Illumina HiSeq 2500,GSM7701390,PAIRED,cDNA,TRANSCRIPTOMIC,Homo sapiens,ILLUMINA,2024-03-28T00:00:00Z,2023-08-10T13:48:00Z,1,GSM7701390,Brain,SRP454481,Brain
SRR25601699,RNA-Seq,202,3904111166,PRJNA1004209,SAMN36935141,1879307966,GaMG,MAASTRICHT UNIVERSITY,missing,public,"fastq,run.zq,sra","gs,ncbi,s3","gs.us-east1,ncbi.public,s3.us-east-1",SRX21329207,WT,uncalculated,uncalculated,missing,Illumina HiSeq 2500,GSM7701389,PAIRED,cDNA,TRANSCRIPTOMIC,Homo sapiens,ILLUMINA,2024-03-28T00:00:00Z,2023-08-10T13:50:00Z,1,GSM7701389,Brain,SRP454481,Brain
SRR25601701,RNA-Seq,202,4344163520,PRJNA1004209,SAMN36935142,2072901679,Jurkat,MAASTRICHT UNIVERSITY,missing,public,"fastq,run.zq,sra","gs,ncbi,s3","gs.us-east1,ncbi.public,s3.us-east-1",SRX21329206,WT,uncalculated,uncalculated,missing,Illumina HiSeq 2500,GSM7701388,PAIRED,cDNA,TRANSCRIPTOMIC,Homo sapiens,ILLUMINA,2024-03-28T00:00:00Z,2023-08-10T13:46:00Z,1,GSM7701388,Peripheral blood,SRP454481,Peripheral blood
SRR25601703,RNA-Seq,202,5322482648,PRJNA1004209,SAMN36935143,2554442120,Jurkat,MAASTRICHT UNIVERSITY,missing,public,"fastq,run.zq,sra","gs,ncbi,s3","gs.us-east1,ncbi.public,s3.us-east-1",SRX21329205,WT,uncalculated,uncalculated,missing,Illumina HiSeq 2500,GSM7701387,PAIRED,cDNA,TRANSCRIPTOMIC,Homo sapiens,ILLUMINA,2024-03-28T00:00:00Z,2023-08-10T13:53:00Z,1,GSM7701387,Peripheral blood,SRP454481,Peripheral blood
SRR25601706,RNA-Seq,202,1980535462,PRJNA1004209,SAMN36935145,1331914606,U-937,MAASTRICHT UNIVERSITY,missing,public,"fastq,run.zq,sra","gs,ncbi,s3","gs.us-east1,ncbi.public,s3.us-east-1",SRX21329203,WT,uncalculated,uncalculated,missing,Illumina HiSeq 2500,GSM7701385,PAIRED,cDNA,TRANSCRIPTOMIC,Homo sapiens,ILLUMINA,2024-03-28T00:00:00Z,2023-08-10T13:44:00Z,1,GSM7701385,Pleural effusion,SRP454481,Pleural effusion
SRR25601708,RNA-Seq,202,2398398116,PRJNA1004209,SAMN36935146,1617426799,U-698-M,MAASTRICHT UNIVERSITY,missing,public,"fastq,run.zq,sra","gs,ncbi,s3","gs.us-east1,ncbi.public,s3.us-east-1",SRX21329202,WT,uncalculated,uncalculated,missing,Illumina HiSeq 2500,GSM7701384,PAIRED,cDNA,TRANSCRIPTOMIC,Homo sapiens,ILLUMINA,2024-03-28T00:00:00Z,2023-08-10T13:45:00Z,1,GSM7701384,Tonsil,SRP454481,Tonsil
SRR25601711,RNA-Seq,202,2718547310,PRJNA1004209,SAMN36935148,1833455037,SiHa,MAASTRICHT UNIVERSITY,missing,public,"fastq,run.zq,sra","gs,ncbi,s3","gs.us-east1,ncbi.public,s3.us-east-1",SRX21329200,WT,uncalculated,uncalculated,missing,Illumina HiSeq 2500,GSM7701382,PAIRED,cDNA,TRANSCRIPTOMIC,Homo sapiens,ILLUMINA,2024-03-28T00:00:00Z,2023-08-10T13:46:00Z,1,GSM7701382,Cervix,SRP454481,Cervix
SRR25601713,RNA-Seq,202,2743143840,PRJNA1004209,SAMN36935149,1837754270,Rh30,MAASTRICHT UNIVERSITY,missing,public,"fastq,run.zq,sra","gs,ncbi,s3","gs.us-east1,ncbi.public,s3.us-east-1",SRX21329199,WT,uncalculated,uncalculated,missing,Illumina HiSeq 2500,GSM7701381,PAIRED,cDNA,TRANSCRIPTOMIC,Homo sapiens,ILLUMINA,2024-03-28T00:00:00Z,2023-08-10T13:45:00Z,1,GSM7701381,Bone marrow,SRP454481,Bone marrow
SRR25601718,RNA-Seq,202,1535079406,PRJNA1004209,SAMN36935153,1036511009,TIME,MAASTRICHT UNIVERSITY,missing,public,"fastq,run.zq,sra","gs,ncbi,s3","gs.us-east1,ncbi.public,s3.us-east-1",SRX21329195,WT,uncalculated,uncalculated,missing,Illumina HiSeq 2500,GSM7701377,PAIRED,cDNA,TRANSCRIPTOMIC,Homo sapiens,ILLUMINA,2024-03-28T00:00:00Z,2023-08-10T13:46:00Z,1,GSM7701377,Foreskin,SRP454481,Foreskin
SRR25601720,RNA-Seq,202,3797602424,PRJNA1004209,SAMN36935154,2547476281,K-562,MAASTRICHT UNIVERSITY,missing,public,"fastq,run.zq,sra","gs,ncbi,s3","gs.us-east1,ncbi.public,s3.us-east-1",SRX21329194,WT,uncalculated,uncalculated,missing,Illumina HiSeq 2500,GSM7701376,PAIRED,cDNA,TRANSCRIPTOMIC,Homo sapiens,ILLUMINA,2024-03-28T00:00:00Z,2023-08-10T13:49:00Z,1,GSM7701376,Pleural effusion,SRP454481,Pleural effusion
SRR25601722,RNA-Seq,202,4908204686,PRJNA1004209,SAMN36935155,3298068277,K-562,MAASTRICHT UNIVERSITY,missing,public,"fastq,run.zq,sra","gs,ncbi,s3","gs.us-east1,ncbi.public,s3.us-east-1",SRX21329193,WT,uncalculated,uncalculated,missing,Illumina HiSeq 2500,GSM7701375,PAIRED,cDNA,TRANSCRIPTOMIC,Homo sapiens,ILLUMINA,2024-03-28T00:00:00Z,2023-08-10T13:48:00Z,1,GSM7701375,Pleural effusion,SRP454481,Pleural effusion
SRR25601724,RNA-Seq,202,1550346566,PRJNA1004209,SAMN36935156,1042750899,HEL,MAASTRICHT UNIVERSITY,missing,public,"fastq,run.zq,sra","gs,ncbi,s3","gs.us-east1,ncbi.public,s3.us-east-1",SRX21329192,WT,uncalculated,uncalculated,missing,Illumina HiSeq 2500,GSM7701374,PAIRED,cDNA,TRANSCRIPTOMIC,Homo sapiens,ILLUMINA,2024-03-28T00:00:00Z,2023-08-10T14:51:00Z,1,GSM7701374,Peripheral blood,SRP454481,Peripheral blood
SRR25601727,RNA-Seq,202,3667917212,PRJNA1004209,SAMN36935158,2468985470,Daudi,MAASTRICHT UNIVERSITY,missing,public,"fastq,run.zq,sra","gs,ncbi,s3","gs.us-east1,ncbi.public,s3.us-east-1",SRX21329190,WT,uncalculated,uncalculated,missing,Illumina HiSeq 2500,GSM7701372,PAIRED,cDNA,TRANSCRIPTOMIC,Homo sapiens,ILLUMINA,2024-03-28T00:00:00Z,2023-08-10T13:48:00Z,1,GSM7701372,Peripheral blood,SRP454481,Peripheral blood
SRR25601729,RNA-Seq,202,2315487216,PRJNA1004209,SAMN36935159,1559499983,Daudi,MAASTRICHT UNIVERSITY,missing,public,"fastq,run.zq,sra","gs,ncbi,s3","gs.us-east1,ncbi.public,s3.us-east-1",SRX21329189,WT,uncalculated,uncalculated,missing,Illumina HiSeq 2500,GSM7701371,PAIRED,cDNA,TRANSCRIPTOMIC,Homo sapiens,ILLUMINA,2024-03-28T00:00:00Z,2023-08-10T13:47:00Z,1,GSM7701371,Peripheral blood,SRP454481,Peripheral blood
SRR25601731,RNA-Seq,202,952028626,PRJNA1004209,SAMN36935160,598567818,RT-4,MAASTRICHT UNIVERSITY,missing,public,"run.zq,sra","gs,ncbi,s3","gs.us-east1,ncbi.public,s3.us-east-1",SRX21329188,WT,uncalculated,uncalculated,missing,Illumina HiSeq 2500,GSM7701370,PAIRED,cDNA,TRANSCRIPTOMIC,Homo sapiens,ILLUMINA,2024-03-28T00:00:00Z,2024-03-25T21:30:00Z,1,GSM7701370,Urinary bladder,SRP454481,Urinary bladder
SRR25601733,RNA-Seq,202,914534598,PRJNA1004209,SAMN36935161,576973494,RT-4,MAASTRICHT UNIVERSITY,missing,public,"run.zq,sra","gs,ncbi,s3","gs.us-east1,ncbi.public,s3.us-east-1",SRX21329187,WT,uncalculated,uncalculated,missing,Illumina HiSeq 2500,GSM7701369,PAIRED,cDNA,TRANSCRIPTOMIC,Homo sapiens,ILLUMINA,2024-03-28T00:00:00Z,2024-03-25T21:30:00Z,1,GSM7701369,Urinary bladder,SRP454481,Urinary bladder
SRR25601735,RNA-Seq,202,969504858,PRJNA1004209,SAMN36935162,610696548,HeLa,MAASTRICHT UNIVERSITY,missing,public,"run.zq,sra","gs,ncbi,s3","gs.us-east1,ncbi.public,s3.us-east-1",SRX21329186,WT,uncalculated,uncalculated,missing,Illumina HiSeq 2500,GSM7701368,PAIRED,cDNA,TRANSCRIPTOMIC,Homo sapiens,ILLUMINA,2024-03-28T00:00:00Z,2024-03-25T21:31:00Z,1,GSM7701368,Cervix,SRP454481,Cervix
SRR25601737,RNA-Seq,202,1105620740,PRJNA1004209,SAMN36935163,693717466,HeLa,MAASTRICHT UNIVERSITY,missing,public,"run.zq,sra","gs,ncbi,s3","gs.us-east1,ncbi.public,s3.us-east-1",SRX21329185,WT,uncalculated,uncalculated,missing,Illumina HiSeq 2500,GSM7701367,PAIRED,cDNA,TRANSCRIPTOMIC,Homo sapiens,ILLUMINA,2024-03-28T00:00:00Z,2024-03-25T21:31:00Z,1,GSM7701367,Cervix,SRP454481,Cervix
SRR25601743,RNA-Seq,202,1396537706,PRJNA1004209,SAMN36935168,876952208,Hep-G2,MAASTRICHT UNIVERSITY,missing,public,"run.zq,sra","gs,ncbi,s3","gs.us-east1,ncbi.public,s3.us-east-1",SRX21329180,WT,uncalculated,uncalculated,missing,Illumina HiSeq 2500,GSM7701362,PAIRED,cDNA,TRANSCRIPTOMIC,Homo sapiens,ILLUMINA,2024-03-28T00:00:00Z,2024-03-25T21:32:00Z,1,GSM7701362,Liver,SRP454481,Liver
SRR25601745,RNA-Seq,202,1236647232,PRJNA1004209,SAMN36935169,777445620,Hep-G2,MAASTRICHT UNIVERSITY,missing,public,"run.zq,sra","gs,ncbi,s3","gs.us-east1,ncbi.public,s3.us-east-1",SRX21329179,WT,uncalculated,uncalculated,missing,Illumina HiSeq 2500,GSM7701361,PAIRED,cDNA,TRANSCRIPTOMIC,Homo sapiens,ILLUMINA,2024-03-28T00:00:00Z,2024-03-25T21:32:00Z,1,GSM7701361,Liver,SRP454481,Liver
